business_product_id;product_type;parent_product_ids;name;name_or_number;discriminator;street;house_number;box_number;postal_code;city_name;lat;long;x;y;promotional_region;changed_time;last_status_change_date;phone1;phone2;phone3;email;website;status;comfort_class;number_of_units;maximum_capacity;normal_capacity;tent_capacity;number_of_short_term_camping_spots;number_of_touristic_camping_spots;number_of_camper_stands;number_of_camping_spots;number_of_residence_units;number_of_long_term_camping_spots;number_of_residence_units_for_rental;number_of_hikers_huts;iconic_cycling_route_label
406910;BASE;;'t Foche;;GENERIC_ROOMS;RECTOR DE SOMERPLEIN;14B;bus 01;3000;Leuven;50.8789787292;4.7030320168;173525.49640567822;174343.450364843;kunststadLeuven;14/04/2026 13:23:02;09/03/2025 05:23:19;+32497879583;;;yannick.werbrouck@outlook.com;http://airbnb.be/h/tfoche;NOTIFIED;;1;2;;;;;;;;;;;
406394;BASE;;A Plus Studio;;HOLIDAY_COTTAGE;SPAARSTRAAT;71;;3010;Kessel-Lo;50.880013;4.722355;174884.83293110665;174464.82546547707;kunststadLeuven;15/01/2026 23:18:09;04/02/2025 10:18:24;;;;guido.doucet@gmail.com;;NOTIFIED;;1;4;;;;;;;;;;;
414474;BASE;;Airbnb Christine ;Airbnb Christine;GENERIC_ROOMS;SINT-BARBARASTRAAT;3;0408;3000;Leuven;50.8779258728;4.6981091499;173179.56289152024;174224.77590211574;kunststadLeuven;26/05/2026 11:51:01;26/05/2026 11:48:25;+32473937568;;;christine.jageneau@hotmail.com;;NOTIFIED;;1;2;;;;;;;;;;;
413022;BASE;;Airbnb Kurt;;HOLIDAY_COTTAGE;KOPERSLAGERIJ;20;;3010;Kessel-Lo;50.883267;4.723037;174931.09535348765;174827.03145006485;kunststadLeuven;06/06/2026 09:37:03;19/02/2026 11:42:24;+32497742530;;;kurt.accou@gmail.com;https://www.airbnb.be/rooms/33013295?search_mode=regular_search&adults=1&check_in=2026-08-23&check_out=2026-08-28&children=0&infants=0&pets=0&photo_id=1924732796&source_impression_id=p3_1780738137_P3F6_SZVN96DR7pf&previous_page_section_name=1000&federated_search_id=430b1dd0-78bd-4f74-bba7-dcec8c47891f;NOTIFIED;;1;4;;;;;;;;;;;
398740;BASE;;Akuta City Flat Leuven;;HOLIDAY_COTTAGE;IJZERENMOLENSTRAAT;6;;3001;Heverlee;50.87265;4.687884;172462.46683874822;173634.7305049477;kunststadLeuven;15/01/2026 21:45:23;24/06/2024 04:01:35;+32496524271;;;karlienvanparys@gmail.com;https://www.booking.com/hotel/be/akuta-city-flat-leuven.nl.html;ACKNOWLEDGED;FOUR_STARS;1;4;;;;;;;;;;;
412013;BASE;;Allies Avenue;;HOLIDAY_COTTAGE;BONDGENOTENLAAN;17C;0101;3000;Leuven;50.8796348572;4.7043733597;173619.56448690474;174416.86581896618;kunststadLeuven;17/02/2026 20:52:01;17/02/2026 19:48:13;;;;margovoets@hotmail.com;;ACKNOWLEDGED;THREE_STARS;1;2;;;;;;;;;;;
304270;BASE;;Ambassador Suites Leuven 001;;GENERIC_ROOMS;SINT-MAARTENSTRAAT;12;D001;3000;Leuven;50.880987;4.706006;173733.77689179865;174567.80145232473;kunststadLeuven;16/01/2026 01:09:43;18/12/2017 23:00:54;;;;;;ACKNOWLEDGED;;1;5;;;;;;;;;;;
304271;BASE;;Ambassador Suites Leuven 002;;GENERIC_ROOMS;SINT-MAARTENSTRAAT;12;002;3000;Leuven;50.880987;4.706006;173733.77689179865;174567.80145232473;kunststadLeuven;16/01/2026 01:09:44;18/12/2017 23:21:13;;;;;;ACKNOWLEDGED;;1;3;;;;;;;;;;;
304272;BASE;;Ambassador Suites Leuven 003;;GENERIC_ROOMS;Sint-Maartenstraat ;12;003;3000;Leuven;50.8810015;4.706159;173834.759468186;174509.169703188;kunststadLeuven;16/01/2026 01:09:44;18/12/2017 23:25:00;;;;;;ACKNOWLEDGED;;1;5;;;;;;;;;;;
211074;BASE;;Ambassador Suites Leuven 101;;GENERIC_ROOMS;Sint-Maartenstraat;12D;101;3000;Leuven;50.8810015;4.706159;173834.759468186;174509.169703188;kunststadLeuven;16/01/2026 04:15:50;18/12/2017 22:55:24;+3213296215;+32476050500;;sales@be-housing.be;https://www.be-housing.be/;ACKNOWLEDGED;;1;6;;;;;;;;;;;
300051;BASE;;Ambassador Suites Leuven 102;;GENERIC_ROOMS;SINT-MAARTENSTRAAT;12D;102;3000;Leuven;50.8810015;4.706159;173834.759468186;174509.169703188;kunststadLeuven;16/01/2026 04:24:53;18/12/2017 23:30:53;;;;;;ACKNOWLEDGED;;1;3;;;;;;;;;;;
300052;BASE;;Ambassador Suites Leuven 103;;GENERIC_ROOMS;SINT-MAARTENSTRAAT;12D;103;3000;Leuven;50.8810015;4.706159;173834.759468186;174509.169703188;kunststadLeuven;16/01/2026 04:24:53;18/12/2017 23:36:27;;;;;;ACKNOWLEDGED;;1;5;;;;;;;;;;;
302412;BASE;;Ambassador Suites Leuven 104;;GENERIC_ROOMS;SINT-MAARTENSTRAAT;12D;104;3000;Leuven;50.8810015;4.706159;173834.759468186;174509.169703188;kunststadLeuven;16/01/2026 04:45:38;18/12/2017 23:06:05;;;;;;ACKNOWLEDGED;;1;7;;;;;;;;;;;
300053;BASE;;Ambassador Suites Leuven 201;;GENERIC_ROOMS;SINT-MAARTENSTRAAT;12D;201;3000;Leuven;50.8810015;4.706159;173834.759468186;174509.169703188;kunststadLeuven;16/01/2026 04:24:54;18/12/2017 23:43:34;;;;;;ACKNOWLEDGED;;1;3;;;;;;;;;;;
300054;BASE;;Ambassador Suites Leuven 202;;GENERIC_ROOMS;SINT-MAARTENSTRAAT;12D;202;3000;Leuven;50.8810015;4.706159;173834.759468186;174509.169703188;kunststadLeuven;16/01/2026 04:24:55;18/12/2017 23:48:26;;;;;;ACKNOWLEDGED;;1;3;;;;;;;;;;;
300055;BASE;;Ambassador Suites Leuven 203;;GENERIC_ROOMS;SINT-MAARTENSTRAAT;12D;203;3000;Leuven;50.8810015;4.706159;173834.759468186;174509.169703188;kunststadLeuven;16/01/2026 04:24:55;18/12/2017 23:59:13;;;;;;ACKNOWLEDGED;;1;3;;;;;;;;;;;
300060;BASE;;Ambassador Suites Leuven 204;;GENERIC_ROOMS;SINT-MAARTENSTRAAT;12D;204;3000;Leuven;50.8810015;4.706159;173834.759468186;174509.169703188;kunststadLeuven;16/01/2026 04:24:58;19/12/2017 00:03:32;;;;;;ACKNOWLEDGED;;1;5;;;;;;;;;;;
300056;BASE;;Ambassador Suites Leuven 301;;GENERIC_ROOMS;SINT-MAARTENSTRAAT;12D;301;3000;Leuven;50.8810015;4.706159;173834.759468186;174509.169703188;kunststadLeuven;16/01/2026 04:24:56;19/12/2017 00:08:01;;;;;;ACKNOWLEDGED;;1;3;;;;;;;;;;;
300057;BASE;;Ambassador Suites Leuven 302;;GENERIC_ROOMS;SINT-MAARTENSTRAAT;12D;302;3000;Leuven;50.8810015;4.706159;173834.759468186;174509.169703188;kunststadLeuven;16/01/2026 04:24:56;19/12/2017 00:13:14;;;;;;ACKNOWLEDGED;;1;3;;;;;;;;;;;
211075;BASE;;Ambassador Suites Leuven 303;;GENERIC_ROOMS;Sint-Maartenstraat;12D;303;3000;Leuven;50.8810015;4.706159;173834.759468186;174509.169703188;kunststadLeuven;16/01/2026 04:15:50;19/12/2017 00:17:08;+3213296215;+32476050500;;sales@be-housing.be;https://www.be-housing.be/;ACKNOWLEDGED;;1;3;;;;;;;;;;;
298717;BASE;;Ambassador Suites Leuven 304;;GENERIC_ROOMS;Sint-Maartenstraat;12D;304;3000;Leuven;50.88108067443116;4.706851443145147;173793.4;174578.46;kunststadLeuven;16/01/2026 04:15:50;18/12/2017 23:11:52;+3213296215;+32476050500;;sales@be-housing.be;https://www.be-housing.be/;ACKNOWLEDGED;;1;5;;;;;;;;;;;
302913;BASE;;Ambassador Suites Leuven 401;;GENERIC_ROOMS;Sint-Maartenstraat;12D;401;3000;Leuven;50.8810015;4.706159;173834.759468186;174509.169703188;kunststadLeuven;16/01/2026 04:49:16;19/12/2017 00:26:39;;;;gc@coenen.be;;ACKNOWLEDGED;;1;3;;;;;;;;;;;
300058;BASE;;Ambassador Suites Leuven 402;;GENERIC_ROOMS;SINT-MAARTENSTRAAT;12D;402;3000;Leuven;50.8810015;4.706159;173834.759468186;174509.169703188;kunststadLeuven;16/01/2026 04:24:57;19/12/2017 00:25:12;;;;;;ACKNOWLEDGED;;1;3;;;;;;;;;;;
276919;BASE;;Ambassador Suites Leuven 403;;GENERIC_ROOMS;Sint-Maartenstraat;12D;403;3000;Leuven;50.8810015;4.706159;173834.759468186;174509.169703188;kunststadLeuven;16/01/2026 04:15:50;19/12/2017 00:30:26;+32476050500;+3213296215;;sales@be-housing.be;https://www.be-housing.be/;ACKNOWLEDGED;;1;3;;;;;;;;;;;
298716;BASE;;Ambassador Suites Leuven 404;;GENERIC_ROOMS;Sint-Maartenstraat;12D;404;3000;Leuven;50.8810015;4.706159;173834.759468186;174509.169703188;kunststadLeuven;16/01/2026 04:15:50;19/12/2017 00:33:58;+3213296215;+32476050500;;sales@be-housing.be;https://www.be-housing.be/;ACKNOWLEDGED;;1;5;;;;;;;;;;;
410618;BASE;;Angela Mitrik;Huis;HOLIDAY_COTTAGE;dijledrijf ;62;;3010;Kessel-Lo;;;;;kunststadLeuven;15/01/2026 23:15:51;15/09/2025 10:33:52;+32485263084;;;mitrik.ann@gmail.com;https://fr.airbnb.be/rooms/1107389200073272445?search_mode=regular_search&adults=1&check_in=2025-10-12&check_out=2025-10-17&children=0&infants=0&pets=0&source_impression_id=p3_1757932105_P3N0P6Ln-uo3HOrB&previous_page_section_name=1000&federated_search_id=5bffa304-0511-464a-acfe-80699d1a662d;NOTIFIED;;1;4;;;;;;;;;;;
410852;BASE;;Apollo ;Design studio met terras ;GENERIC_ROOMS;BRUSSELSESTRAAT;278A;302;3000;Leuven;50.882207;4.687234;172412.13757391163;174697.65916014463;kunststadLeuven;10/04/2026 13:35:01;04/10/2025 12:25:02;;;;paul.heymans2@icloud.com;;NOTIFIED;;1;1;;;;;;;;;;;
410853;BASE;;Apollo ;Design studio with terrace;GENERIC_ROOMS;BRUSSELSESTRAAT;278A;302;3000;Leuven;50.882207;4.687234;172412.13757391163;174697.65916014463;kunststadLeuven;10/04/2026 13:35:02;04/10/2025 12:36:02;;;;;;NOTIFIED;;1;1;;;;;;;;;;;
403058;BASE;;Art Studio Leuven;;GENERIC_ROOMS;NAAMSESTRAAT;151;;3000;Leuven;50.870379;4.699317;173268.32118263716;173385.6382643329;kunststadLeuven;15/01/2026 21:24:25;16/10/2024 10:59:06;+32475343120;;;jan@jan-samyn.art;;ACKNOWLEDGED;;1;10;;;;;;;;;;;
395852;BASE;;Auberge des Chevaliers ;Auberge des Chevaliers;GENERIC_ROOMS;RIDDERSSTRAAT;225;;3000;Leuven;50.8865509033;4.6941366196;172895.7620841266;175182.9924856471;kunststadLeuven;15/01/2026 22:22:01;17/09/2024 12:06:05;0032494237743;;;wout.decoster@gmail.com;;NOTIFIED;;2;3;;;;;;;;;;;
346109;BASE;;B&B Daya;;BED_AND_BREAKFAST;Oude Diestsesteenweg;1;;3010;Kessel-Lo;50.88341879216892;4.717450649188497;174538.08;174842.01;kunststadLeuven;16/01/2026 01:15:29;12/09/2023 09:59:33;+32486038134;;;rtchiah@hotmail.com;https://www.daya.be/;NOTIFIED;;4;8;;;;;;;;;;;
211058;BASE;;B&B LODGING AT 8;;BED_AND_BREAKFAST;WELDADIGHEIDSSTRAAT;8;;3000;Leuven;50.86927928119526;4.705954463598004;173736.25;173265.38;kunststadLeuven;06/03/2025 15:59:20;19/03/2019 07:47:41;016844490;0;+32475937221;info@lodgingat8.be;http://www.lodgingat8.be/;ACKNOWLEDGED;THREE_STARS;3;7;;;;;;;;;;;
324941;BASE;;B&B Vaartstraat Leuven;;BED_AND_BREAKFAST;VAARTSTRAAT;77;;3000;Leuven;50.883588614582926;4.700833421764898;173368.64;174855.53;kunststadLeuven;16/01/2026 04:52:58;13/09/2020 10:03:34;0495415034;;;lutgart.overbergh@kuleuven.be;;NOTIFIED;;2;6;;;;;;;;;;;
379030;BASE;;Bed & Breakfast & Bert;;BED_AND_BREAKFAST;Holsbeeksesteenweg;117;;3010;Kessel-Lo;50.89716;4.731633;175528.41755680923;176375.42939997837;kunststadLeuven;28/01/2026 10:43:02;22/10/2018 20:04:24;+32475590923;;;leen_vanbarel@hotmail.com;https://www.bedandbreakfastandbert.be/;ACKNOWLEDGED;;1;3;;;;;;;;;;;
211048;BASE;;Begijnhof Hotel;Begijnhof Hotel;HOTEL;TERVUURSEVEST;70;;3000;Leuven;50.871006012;4.6954483986;172995.70388057432;173454.17737449612;kunststadLeuven;12/05/2026 17:56:03;12/05/2026 15:54:43;+3216291010;;;info@bchotel.be;https://www.bchotel.be/;ACKNOWLEDGED;FOUR_STARS;73;150;;;;;;;;;;;
410970;BASE;;Beulen;;GENERIC_ROOMS;GEMEENTESTRAAT;150;;3010;Kessel-Lo;50.888532;4.725113;175074.36283540656;175413.41457526665;kunststadLeuven;24/04/2026 08:38:01;16/10/2025 10:40:26;0479570383;;;jan@foliegrafie.be;;NOTIFIED;;2;4;;;;;;;;;;;
409710;BASE;;Big studio close to Leuven;;GENERIC_ROOMS;SCHOOLBERGENSTRAAT;52;;3010;Kessel-Lo;50.897249;4.734939;175760.9433364992;176386.475634085;kunststadLeuven;17/03/2026 10:51:03;17/03/2026 09:48:56;+32497204797;;;marievandewege@hotmail.com;https://www.airbnb.be/rooms/846162;ACKNOWLEDGED;;1;2;;;;;;;;;;;
409746;BASE;;Bij Marie, Jenske & Django;;BED_AND_BREAKFAST;HENRICUS WITTEBOLSSTRAAT;9;;3018;Wijgmaal;50.926538;4.701634;173403.29942230834;179633.5604103841;kunststadLeuven;15/01/2026 23:51:15;09/07/2025 13:39:19;0495287754;;;marie.feyaerts@gmail.com;https://www.airbnb.be/?sem_brand_erf=true&gclsrc=aw.ds&&c=.pi0.pk20881452852_162760289688&ghost=true&gad_source=1&gad_campaignid=20881452852&gclid=CjwKCAjwprjDBhBTEiwA1m1d0sn_R-ocCFONLoDLcR9gAGd1kVD3NPW1BIAkGfZfysGd6X33wbk-SRoC2wgQAvD_BwE;NOTIFIED;;2;4;;;;;;;;;;;
394749;BASE;;Bloom;;GENERIC_ROOMS;RIDDERSSTRAAT;203;;3000;Leuven;50.88625399667377;4.693525172759809;172853.06;175149.75;kunststadLeuven;15/01/2026 22:57:13;17/11/2022 06:06:50;;;;;;ACKNOWLEDGED;;1;2;;;;;;;;;;;
261434;BASE;;Boardhousing;;GENERIC_ROOMS;Lodewijk Engelbertus Van Arenbergplein;1;;3001;Heverlee;50.86361;4.695135;172977.27472611732;172631.3463456193;kunststadLeuven;16/01/2026 03:51:40;01/03/2023 23:00:00;;;;admin@boardhouse.be;http://www.boardhouse.be/;ACKNOWLEDGED;;14;28;;;;;;;;;;;
413533;BASE;;Borchpoorte;Borchpoorte ;GENERIC_ROOMS;MECHELSEVEST;104;2;3000;Leuven;50.888558;4.692346;172768.78761557981;175405.71081522293;kunststadLeuven;17/03/2026 13:23:01;17/03/2026 13:21:00;+32475721043;;;vandekelderstefaan@gmail.com;http://www.airbnb.com/hosting;NOTIFIED;;1;3;;;;;;;;;;;
400582;BASE;;Bosbis;;HOLIDAY_COTTAGE;SMOKKELWEG;37;;3010;Kessel-Lo;50.907899;4.743745;176374.43429912324;177574.2943867715;kunststadLeuven;15/01/2026 22:13:14;06/02/2024 12:06:36;+32495759904;;;lucy.dewit@telenet.be;;ACKNOWLEDGED;;1;2;;;;;;;;;;;
411843;BASE;;Brahim nabi;Appart 2 rooms ;HOLIDAY_COTTAGE;VANDEN TYMPLESTRAAT;39;401;3000;Leuven;50.882897;4.711016;174085.36579141457;174781.89019297343;kunststadLeuven;15/01/2026 23:53:45;09/12/2025 10:20:40;+32484174982;;;brahymnabiz@gmail.com;;NOTIFIED;;1;4;;;;;;;;;;;
413838;BASE;;Briefstreet - Louvain;;HOLIDAY_COTTAGE;KORTESTRAAT;7;;3000;Leuven;50.8788719177;4.7003002167;173333.29465283515;174330.70331372693;kunststadLeuven;29/05/2026 14:05:01;06/04/2026 09:16:20;+32475644421;;;lievemoonen@skynet.be;;NOTIFIED;;1;2;;;;;;;;;;;
413839;BASE;;Briefstreet - Louvain;;GENERIC_ROOMS;KORTESTRAAT;7;;3000;Leuven;50.8788719177;4.7003002167;173333.29465283515;174330.70331372693;kunststadLeuven;06/04/2026 09:18:01;06/04/2026 09:16:32;+32475644421;;;lievemoonen@skynet.be;;NOTIFIED;;1;2;;;;;;;;;;;
378846;BASE;;Bright studio with coffee & vinyl in city centre;;GENERIC_ROOMS;Pieter Coutereelstraat;43;;3000;Leuven;50.882318597293356;4.694939251700719;172954.49;174712.41;kunststadLeuven;16/01/2026 02:32:38;28/11/2018 19:05:28;;;;;https://www.airbnb.be/rooms/18892725;NOTIFIED;;1;4;;;;;;;;;;;
298700;BASE;;Budget Flats Leuven;Budget Flats Leuven 126;GENERIC_ROOMS;BIERBEEKSTRAAT;75;126;3001;Heverlee;50.8717;4.716866;174502.89562319932;173538.25296898745;kunststadLeuven;16/01/2026 04:17:59;20/12/2017 07:53:03;+3213296215;+32476050500;;sales@be.housing.be;https://www.be-housing.be/;ACKNOWLEDGED;;1;2;;;;;;;;;;;
298701;BASE;;Budget Flats Leuven;Budget Flats Leuven 119;HOLIDAY_COTTAGE;BIERBEEKSTRAAT;75;119;3001;Heverlee;50.8717;4.716866;174502.89562319932;173538.25296898745;kunststadLeuven;16/01/2026 04:17:59;28/11/2017 08:36:43;+3213296215;+32476050500;;sales@be.housing.be;https://www.be-housing.be/;ACKNOWLEDGED;;1;3;;;;;;;;;;;
298702;BASE;;Budget Flats Leuven;Budget Flats Leuven 129;GENERIC_ROOMS;BIERBEEKSTRAAT;75;129;3001;Heverlee;50.8717;4.716866;174502.89562319932;173538.25296898745;kunststadLeuven;16/01/2026 04:17:59;20/12/2017 08:13:50;+32476050500;+3213296215;;sales@be.housing.be;https://www.be-housing.be/;ACKNOWLEDGED;;1;3;;;;;;;;;;;
298703;BASE;;Budget Flats Leuven;Budget Flats Leuven 108;HOLIDAY_COTTAGE;Bierbeekstraat ;75;108;3001;Heverlee;50.8718669;4.7168457;174591.633109961;173496.488358145;kunststadLeuven;16/01/2026 04:17:59;19/12/2017 23:01:25;+3213296215;+32476050500;;sales@be.housing.be;http://www.be-housing.be/;ACKNOWLEDGED;;1;2;;;;;;;;;;;
298704;BASE;;Budget Flats Leuven;Budget Flats Leuven 111;GENERIC_ROOMS;Bierbeekstraat ;75;111;3001;Heverlee;50.8718669;4.7168457;174591.633109961;173496.488358145;kunststadLeuven;16/01/2026 04:17:59;19/12/2017 23:15:07;+3213296215;+32476050500;;sales@be.housing.be;https://www.be-housing.be/;ACKNOWLEDGED;;1;2;;;;;;;;;;;
298705;BASE;;Budget Flats Leuven;Budget Flats Leuven 112;HOLIDAY_COTTAGE;Bierbeekstraat ;75;112;3001;Heverlee;50.8718669;4.7168457;174591.633109961;173496.488358145;kunststadLeuven;16/01/2026 04:17:59;19/12/2017 23:17:54;+3213296215;+32476050500;;sales@be.housing.be;https://www.be-housing.be/;ACKNOWLEDGED;;1;2;;;;;;;;;;;
298706;BASE;;Budget Flats Leuven;Budget Flats Leuven 135;GENERIC_ROOMS;BIERBEEKSTRAAT;75;135;3001;Heverlee;50.8717;4.716866;174502.89562319932;173538.25296898745;kunststadLeuven;16/01/2026 04:17:59;20/12/2017 08:56:43;+3213296215;+32476050500;;sales@be.housing.be;https://www.be-housing.be/;ACKNOWLEDGED;;1;3;;;;;;;;;;;
298707;BASE;;Budget Flats Leuven;Budget Flats Leuven 006;GENERIC_ROOMS;bierbeekstraat ;75;006;3001;Heverlee;50.8718669;4.7168457;174591.633109961;173496.488358145;kunststadLeuven;16/01/2026 04:17:59;19/12/2017 10:31:36;+32476050500;+3213296215;;sales@be.housing.be;https://www.be-housing.be/;ACKNOWLEDGED;;1;2;;;;;;;;;;;
298708;BASE;;Budget Flats Leuven;Budget Flats Leuven 007;GENERIC_ROOMS;bierbeekstraat ;75;007;3001;Heverlee;50.8718669;4.7168457;174591.633109961;173496.488358145;kunststadLeuven;16/01/2026 04:17:59;19/12/2017 10:34:50;+32475290985;;;gc@coenen.be;;ACKNOWLEDGED;;1;2;;;;;;;;;;;
298709;BASE;;Budget Flats Leuven;Budget Flats Leuven 008;HOLIDAY_COTTAGE;BIERBEEKSTRAAT;75;008;3001;Heverlee;50.8717;4.716866;174502.89562319932;173538.25296898745;kunststadLeuven;16/01/2026 04:17:59;23/11/2017 22:37:27;+32475290985;;;gc@coenen.be;https://www.be-housing.be/nl/b/budget-flats-leuven;ACKNOWLEDGED;;1;3;;;;;;;;;;;
298710;BASE;;Budget Flats Leuven;Budget Flats Leuven 127;GENERIC_ROOMS;Bierbeekstraat;75;127;3001;Heverlee;50.8717;4.716866;174502.89562319932;173538.25296898745;kunststadLeuven;16/01/2026 04:17:59;20/12/2017 07:57:45;+32475290985;;;gc@coenen.be;;ACKNOWLEDGED;;1;2;;;;;;;;;;;
298711;BASE;;Budget Flats Leuven;Budget Flats Leuven 109;HOLIDAY_COTTAGE;BIERBEEKSTRAAT;75;109;3001;Heverlee;50.8717;4.716866;174502.89562319932;173538.25296898745;kunststadLeuven;16/01/2026 04:17:59;19/12/2017 23:06:53;+32475290985;;;gc@coenen.be;;ACKNOWLEDGED;;1;2;;;;;;;;;;;
298712;BASE;;Budget Flats Leuven;Budget Flats Leuven 110;GENERIC_ROOMS;BIERBEEKSTRAAT;75;110;3001;Heverlee;50.8717;4.716866;174502.89562319932;173538.25296898745;kunststadLeuven;16/01/2026 04:17:59;19/12/2017 23:11:54;+32475290985;;;gc@coenen.be;;ACKNOWLEDGED;;1;2;;;;;;;;;;;
298713;BASE;;Budget Flats Leuven;Budget Flats Leuven 038;HOLIDAY_COTTAGE;BIERBEEKSTRAAT;75;038;3001;Heverlee;50.8717;4.716866;174502.89562319932;173538.25296898745;kunststadLeuven;16/01/2026 04:17:59;28/11/2017 07:58:27;+32475290985;;;gc@coenen.be;https://www.be-housing.be/nl/b/budget-flats-leuven;ACKNOWLEDGED;;1;3;;;;;;;;;;;
299135;BASE;;Budget Flats Leuven;Budget Flats Leuven 030;GENERIC_ROOMS;Bierbeekstraat ;75;030;3001;Heverlee;50.8718669;4.7168457;174591.633109961;173496.488358145;kunststadLeuven;16/01/2026 04:17:59;19/12/2017 20:28:50;+3213296215;+32476050500;;sales@be.housing.be;https://www.be-housing.be/;ACKNOWLEDGED;;1;3;;;;;;;;;;;
299136;BASE;;Budget Flats Leuven;Budget Flats Leuven 015;GENERIC_ROOMS;Bierbeekstraat ;75;015;3001;Heverlee;50.8718669;4.7168457;174591.633109961;173496.488358145;kunststadLeuven;16/01/2026 04:17:59;19/12/2017 11:15:40;+3213296215;+32476050500;;sales@be.housing.be;https://www.be-housing.be/;ACKNOWLEDGED;;1;2;;;;;;;;;;;
299137;BASE;;Budget Flats Leuven;Budget Flats Leuven 004;GENERIC_ROOMS;Bierbeekstraat ;75;004;3001;Heverlee;50.8718669;4.7168457;174591.633109961;173496.488358145;kunststadLeuven;16/01/2026 04:17:59;19/12/2017 10:22:59;+3213296215;+32476050500;;sales@be.housing.be;https://www.be-housing.be/;ACKNOWLEDGED;;1;2;;;;;;;;;;;
299138;BASE;;Budget Flats Leuven;Budget Flats Leuven 002;GENERIC_ROOMS;Bierbeekstraat ;75;002;3001;Heverlee;50.8718669;4.7168457;174591.633109961;173496.488358145;kunststadLeuven;16/01/2026 04:17:59;19/12/2017 10:09:22;+3213296215;+32476050500;;sales@be.housing.be;https://www.be-housing.be/;ACKNOWLEDGED;;1;2;;;;;;;;;;;
300061;BASE;;Budget Flats Leuven;Budget Flats Leuven 137;GENERIC_ROOMS;BIERBEEKSTRAAT;75;137;3001;Heverlee;50.8717;4.716866;174502.89562319932;173538.25296898745;kunststadLeuven;16/01/2026 04:24:59;20/12/2017 09:15:04;;;;;;ACKNOWLEDGED;;1;3;;;;;;;;;;;
300062;BASE;;Budget Flats Leuven;Budget Flats Leuven 009;HOLIDAY_COTTAGE;BIERBEEKSTRAAT;75;009;3001;Heverlee;50.8717;4.716866;174502.89562319932;173538.25296898745;kunststadLeuven;16/01/2026 04:24:59;23/11/2017 22:42:24;;;;;https://www.be-housing.be/nl/b/budget-flats-leuven;ACKNOWLEDGED;;1;3;;;;;;;;;;;
300063;BASE;;Budget Flats Leuven;Budget Flats Leuven 010;HOLIDAY_COTTAGE;BIERBEEKSTRAAT;75;010;3001;Heverlee;50.8717;4.716866;174502.89562319932;173538.25296898745;kunststadLeuven;16/01/2026 04:25:00;19/12/2017 10:40:10;;;;;;ACKNOWLEDGED;;1;2;;;;;;;;;;;
300064;BASE;;Budget Flats Leuven;Budget Flats Leuven 011;HOLIDAY_COTTAGE;BIERBEEKSTRAAT;75;011;3001;Heverlee;50.8717;4.716866;174502.89562319932;173538.25296898745;kunststadLeuven;16/01/2026 04:25:01;19/12/2017 10:54:09;;;;;https://www.be-housing.be/nl/b/budget-flats-leuven;ACKNOWLEDGED;;1;3;;;;;;;;;;;
300065;BASE;;Budget Flats Leuven;Budget Flats Leuven 012;HOLIDAY_COTTAGE;BIERBEEKSTRAAT;75;012;3001;Heverlee;50.8717;4.716866;174502.89562319932;173538.25296898745;kunststadLeuven;16/01/2026 04:25:01;19/12/2017 10:56:14;;;;;https://www.be-housing.be/nl/b/budget-flats-leuven;ACKNOWLEDGED;;1;3;;;;;;;;;;;
300066;BASE;;Budget Flats Leuven;Budget Flats Leuven 018;HOLIDAY_COTTAGE;BIERBEEKSTRAAT;75;018;3001;Heverlee;50.8717;4.716866;174502.89562319932;173538.25296898745;kunststadLeuven;16/01/2026 04:25:02;19/12/2017 10:47:23;;;;;https://www.be-housing.be/nl/b/budget-flats-leuven;ACKNOWLEDGED;;1;3;;;;;;;;;;;
300067;BASE;;Budget Flats Leuven;Budget Flats Leuven 019;HOLIDAY_COTTAGE;BIERBEEKSTRAAT;75;019;3001;Heverlee;50.8717;4.716866;174502.89562319932;173538.25296898745;kunststadLeuven;16/01/2026 04:25:03;28/11/2017 07:19:35;+32475290985;;;;https://www.be-housing.be/nl/b/budget-flats-leuven;ACKNOWLEDGED;;1;3;;;;;;;;;;;
300068;BASE;;Budget Flats Leuven;Budget Flats Leuven 020;HOLIDAY_COTTAGE;BIERBEEKSTRAAT;75;020;3001;Heverlee;50.8717;4.716866;174502.89562319932;173538.25296898745;kunststadLeuven;16/01/2026 04:25:03;28/11/2017 07:26:18;;;;;https://www.be-housing.be/nl/b/budget-flats-leuven;ACKNOWLEDGED;;1;3;;;;;;;;;;;
300069;BASE;;Budget Flats Leuven;Budget Flats Leuven 021;HOLIDAY_COTTAGE;BIERBEEKSTRAAT;75;021;3001;Heverlee;50.8717;4.716866;174502.89562319932;173538.25296898745;kunststadLeuven;16/01/2026 04:25:04;28/11/2017 07:31:56;;;;;https://www.be-housing.be/nl/b/budget-flats-leuven;ACKNOWLEDGED;;1;3;;;;;;;;;;;
300070;BASE;;Budget Flats Leuven;Budget Flats Leuven 022;HOLIDAY_COTTAGE;BIERBEEKSTRAAT;75;022;3001;Heverlee;50.8717;4.716866;174502.89562319932;173538.25296898745;kunststadLeuven;16/01/2026 04:25:04;19/06/2024 14:53:08;+32475290985;;;;https://www.be-housing.be/nl/b/budget-flats-leuven;ACKNOWLEDGED;;1;2;;;;;;;;;;;
300071;BASE;;Budget Flats Leuven;Budget Flats Leuven 023;HOLIDAY_COTTAGE;BIERBEEKSTRAAT;75;023;3001;Heverlee;50.8717;4.716866;174502.89562319932;173538.25296898745;kunststadLeuven;16/01/2026 04:25:05;19/12/2017 19:36:29;;;;;;ACKNOWLEDGED;;1;3;;;;;;;;;;;
300072;BASE;;Budget Flats Leuven;Budget Flats Leuven 024;HOLIDAY_COTTAGE;BIERBEEKSTRAAT;75;024;3001;Heverlee;50.8717;4.716866;174502.89562319932;173538.25296898745;kunststadLeuven;16/01/2026 04:25:06;19/12/2017 19:41:35;;;;;;ACKNOWLEDGED;;1;3;;;;;;;;;;;
300073;BASE;;Budget Flats Leuven;Budget Flats Leuven 025;HOLIDAY_COTTAGE;BIERBEEKSTRAAT;75;025;3001;Heverlee;50.8717;4.716866;174502.89562319932;173538.25296898745;kunststadLeuven;16/01/2026 04:25:06;19/12/2017 19:45:40;;;;;;ACKNOWLEDGED;;1;3;;;;;;;;;;;
300074;BASE;;Budget Flats Leuven;Budget Flats Leuven 026;HOLIDAY_COTTAGE;Bierbeekstraat;75;026;3001;Heverlee;50.8717;4.716866;174502.89562319932;173538.25296898745;kunststadLeuven;16/01/2026 04:25:07;19/12/2017 19:51:56;;;;;;ACKNOWLEDGED;;1;3;;;;;;;;;;;
300075;BASE;;Budget Flats Leuven;Budget Flats Leuven 027;HOLIDAY_COTTAGE;Bierbeekstraat;75;027;3001;Heverlee;50.8717;4.716866;174502.89562319932;173538.25296898745;kunststadLeuven;16/01/2026 04:25:08;19/12/2017 19:57:23;;;;;;ACKNOWLEDGED;;1;3;;;;;;;;;;;
300076;BASE;;Budget Flats Leuven;Budget Flats Leuven 028;HOLIDAY_COTTAGE;BIERBEEKSTRAAT;75;028;3001;Heverlee;50.8717;4.716866;174502.89562319932;173538.25296898745;kunststadLeuven;16/01/2026 04:25:08;27/11/2017 23:00:00;;;;;https://www.be-housing.be/nl/b/budget-flats-leuven;ACKNOWLEDGED;;1;3;;;;;;;;;;;
300077;BASE;;Budget Flats Leuven;Budget Flats Leuven 039;HOLIDAY_COTTAGE;BIERBEEKSTRAAT;75;039;3001;Heverlee;50.8717;4.716866;174502.89562319932;173538.25296898745;kunststadLeuven;16/01/2026 04:25:09;27/11/2017 23:00:00;;;;;https://www.be-housing.be/nl/b/budget-flats-leuven;ACKNOWLEDGED;;1;3;;;;;;;;;;;
300078;BASE;;Budget Flats Leuven;Budget Flats Leuven 146;GENERIC_ROOMS;BIERBEEKSTRAAT;75;146;3001;Heverlee;50.8717;4.716866;174502.89562319932;173538.25296898745;kunststadLeuven;16/01/2026 04:25:10;20/12/2017 10:26:49;;;;;;ACKNOWLEDGED;;1;3;;;;;;;;;;;
300079;BASE;;Budget Flats Leuven;Budget Flats Leuven 037;HOLIDAY_COTTAGE;BIERBEEKSTRAAT;75;037;3001;Heverlee;50.8717;4.716866;174502.89562319932;173538.25296898745;kunststadLeuven;16/01/2026 04:25:10;27/11/2017 23:00:00;.;+32475290985;;;https://www.be-housing.be/nl/b/budget-flats-leuven;ACKNOWLEDGED;;1;3;;;;;;;;;;;
300080;BASE;;Budget Flats Leuven;Budget Flats Leuven 036;HOLIDAY_COTTAGE;BIERBEEKSTRAAT;75;036;3001;Heverlee;50.8717;4.716866;174502.89562319932;173538.25296898745;kunststadLeuven;16/01/2026 04:25:11;27/11/2017 23:00:00;.;;;;https://www.be-housing.be/nl/b/budget-flats-leuven;ACKNOWLEDGED;;1;3;;;;;;;;;;;
300081;BASE;;Budget Flats Leuven;Budget Flats Leuven 044;GENERIC_ROOMS;Bierbeekstraat;75;044;3001;Heverlee;50.8717;4.716866;174502.89562319932;173538.25296898745;kunststadLeuven;16/01/2026 04:25:12;19/12/2017 21:58:41;.;;;;;ACKNOWLEDGED;;1;2;;;;;;;;;;;
300082;BASE;;Budget Flats Leuven;Budget Flats Leuven 102;GENERIC_ROOMS;BIERBEEKSTRAAT;75;102;3001;Heverlee;50.8717;4.716866;174502.89562319932;173538.25296898745;kunststadLeuven;16/01/2026 04:25:12;19/12/2017 22:28:05;.;;;;;ACKNOWLEDGED;;1;3;;;;;;;;;;;
300083;BASE;;Budget Flats Leuven;Budget Flats Leuven 107;HOLIDAY_COTTAGE;BIERBEEKSTRAAT;75;107;3001;Heverlee;50.8719101972827;4.717031771323016;174514.62;173561.65;kunststadLeuven;16/01/2026 04:25:13;19/12/2017 22:58:41;.;;;;;ACKNOWLEDGED;;1;5;;;;;;;;;;;
300084;BASE;;Budget Flats Leuven;Budget Flats Leuven 113;HOLIDAY_COTTAGE;BIERBEEKSTRAAT;75;113;3001;Heverlee;50.8717;4.716866;174502.89562319932;173538.25296898745;kunststadLeuven;16/01/2026 04:25:14;27/11/2017 23:00:00;.;;;;https://www.be-housing.be/nl/b/budget-flats-leuven;ACKNOWLEDGED;;1;3;;;;;;;;;;;
300085;BASE;;Budget Flats Leuven;Budget Flats Leuven 114;HOLIDAY_COTTAGE;BIERBEEKSTRAAT;75;114;3001;Heverlee;50.8717;4.716866;174502.89562319932;173538.25296898745;kunststadLeuven;16/01/2026 04:25:14;27/11/2017 23:00:00;.;;;;https://www.be-housing.be/nl/b/budget-flats-leuven;ACKNOWLEDGED;;1;3;;;;;;;;;;;
300086;BASE;;Budget Flats Leuven;Budget Flats Leuven 115;HOLIDAY_COTTAGE;BIERBEEKSTRAAT;75;115;3001;Heverlee;50.8717;4.716866;174502.89562319932;173538.25296898745;kunststadLeuven;16/01/2026 04:25:15;27/11/2017 23:00:00;.;;;;https://www.be-housing.be/nl/b/budget-flats-leuven;ACKNOWLEDGED;;1;3;;;;;;;;;;;
300087;BASE;;Budget Flats Leuven;Budget Flats Leuven 116;HOLIDAY_COTTAGE;BIERBEEKSTRAAT;75;116;3001;Heverlee;50.8717;4.716866;174502.89562319932;173538.25296898745;kunststadLeuven;16/01/2026 04:25:15;27/11/2017 23:00:00;.;;;;https://www.be-housing.be/nl/b/budget-flats-leuven;ACKNOWLEDGED;;1;3;;;;;;;;;;;
300088;BASE;;Budget Flats Leuven;Budget Flats Leuven 117;HOLIDAY_COTTAGE;BIERBEEKSTRAAT;75;117;3001;Heverlee;50.8717;4.716866;174502.89562319932;173538.25296898745;kunststadLeuven;16/01/2026 04:25:16;27/11/2017 23:00:00;.;;;;https://www.be-housing.be/nl/b/budget-flats-leuven;ACKNOWLEDGED;;1;3;;;;;;;;;;;
300089;BASE;;Budget Flats Leuven;Budget Flats Leuven 118;HOLIDAY_COTTAGE;BIERBEEKSTRAAT;75;118;3001;Heverlee;50.8717;4.716866;174502.89562319932;173538.25296898745;kunststadLeuven;16/01/2026 04:25:17;27/11/2017 23:00:00;.;;;;https://www.be-housing.be/nl/b/budget-flats-leuven;ACKNOWLEDGED;;1;3;;;;;;;;;;;
300090;BASE;;Budget Flats Leuven;Budget Flats Leuven 120;HOLIDAY_COTTAGE;BIERBEEKSTRAAT;75;120;3001;Heverlee;50.8717;4.716866;174502.89562319932;173538.25296898745;kunststadLeuven;16/01/2026 04:25:17;27/11/2017 23:00:00;.;;;;https://www.be-housing.be/nl/b/budget-flats-leuven;ACKNOWLEDGED;;1;3;;;;;;;;;;;
300091;BASE;;Budget Flats Leuven;Budget Flats Leuven 121;HOLIDAY_COTTAGE;BIERBEEKSTRAAT;75;121;3001;Heverlee;50.8717;4.716866;174502.89562319932;173538.25296898745;kunststadLeuven;16/01/2026 04:25:18;27/11/2017 23:00:00;.;;;;https://www.be-housing.be/nl/b/budget-flats-leuven;ACKNOWLEDGED;;1;3;;;;;;;;;;;
300092;BASE;;Budget Flats Leuven;Budget Flats Leuven 122;HOLIDAY_COTTAGE;BIERBEEKSTRAAT;75;122;3001;Heverlee;50.8717;4.716866;174502.89562319932;173538.25296898745;kunststadLeuven;16/01/2026 04:25:18;27/11/2017 23:00:00;;;;;https://www.be-housing.be/nl/b/budget-flats-leuven;ACKNOWLEDGED;;1;3;;;;;;;;;;;
300093;BASE;;Budget Flats Leuven;Budget Flats Leuven 123;HOLIDAY_COTTAGE;BIERBEEKSTRAAT;75;123;3001;Heverlee;50.8717;4.716866;174502.89562319932;173538.25296898745;kunststadLeuven;16/01/2026 04:25:19;27/11/2017 23:00:00;.;;;;https://www.be-housing.be/nl/b/budget-flats-leuven;ACKNOWLEDGED;;1;3;;;;;;;;;;;
300094;BASE;;Budget Flats Leuven;Budget Flats Leuven 124;GENERIC_ROOMS;BIERBEEKSTRAAT;75;124;3001;Heverlee;50.8717;4.716866;174502.89562319932;173538.25296898745;kunststadLeuven;16/01/2026 04:25:19;20/12/2017 07:45:58;.;;;;;ACKNOWLEDGED;;1;2;;;;;;;;;;;
300095;BASE;;Budget Flats Leuven;Budget Flats Leuven 128;HOLIDAY_COTTAGE;BIERBEEKSTRAAT;75;128;3001;Heverlee;50.8719101972827;4.717031771323016;174514.62;173561.65;kunststadLeuven;16/01/2026 04:25:20;20/12/2017 08:05:51;.;;;;;ACKNOWLEDGED;;1;5;;;;;;;;;;;
300096;BASE;;Budget Flats Leuven;Budget Flats Leuven 130;GENERIC_ROOMS;BIERBEEKSTRAAT;75;130;3001;Heverlee;50.8717;4.716866;174502.89562319932;173538.25296898745;kunststadLeuven;16/01/2026 04:25:21;20/12/2017 08:17:22;.;;;;;ACKNOWLEDGED;;1;3;;;;;;;;;;;
300097;BASE;;Budget Flats Leuven;Budget Flats Leuven 131;GENERIC_ROOMS;BIERBEEKSTRAAT;75;131;3001;Heverlee;50.8717;4.716866;174502.89562319932;173538.25296898745;kunststadLeuven;16/01/2026 04:25:21;20/12/2017 08:21:18;+32475290985;.;;;;ACKNOWLEDGED;;1;3;;;;;;;;;;;
300098;BASE;;Budget Flats Leuven;Budget Flats Leuven 132;GENERIC_ROOMS;BIERBEEKSTRAAT;75;132;3001;Heverlee;50.8717;4.716866;174502.89562319932;173538.25296898745;kunststadLeuven;16/01/2026 04:25:22;20/12/2017 08:25:09;+32475290985;.;;;;ACKNOWLEDGED;;1;3;;;;;;;;;;;
301895;BASE;;Budget Flats Leuven;Budget Flats Leuven 003;HOLIDAY_COTTAGE;BIERBEEKSTRAAT;75;003;3001;Heverlee;50.8717;4.716866;174502.89562319932;173538.25296898745;kunststadLeuven;16/01/2026 04:41:58;19/12/2017 10:14:33;.;;;info@be-housing.be;https://www.be-housing.be/;ACKNOWLEDGED;;1;2;;;;;;;;;;;
301896;BASE;;Budget Flats Leuven;Budget Flats Leuven 005;GENERIC_ROOMS;BIERBEEKSTRAAT;75;005;3001;Heverlee;50.8717;4.716866;174502.89562319932;173538.25296898745;kunststadLeuven;16/01/2026 04:41:59;19/12/2017 10:26:55;+32475290985;.;;gc@coenen.be;;ACKNOWLEDGED;;1;2;;;;;;;;;;;
301897;BASE;;Budget Flats Leuven;Budget Flats Leuven 105;GENERIC_ROOMS;BIERBEEKSTRAAT;75;105;3001;Heverlee;50.8717;4.716866;174502.89562319932;173538.25296898745;kunststadLeuven;16/01/2026 04:42:00;19/12/2017 22:40:01;.;;;;;ACKNOWLEDGED;;1;3;;;;;;;;;;;
301898;BASE;;Budget Flats Leuven;Budget Flats Leuven 014;GENERIC_ROOMS;BIERBEEKSTRAAT;75;014;3001;Heverlee;50.8717;4.716866;174502.89562319932;173538.25296898745;kunststadLeuven;16/01/2026 04:42:00;19/12/2017 11:10:08;.;;;;;ACKNOWLEDGED;;1;2;;;;;;;;;;;
301899;BASE;;Budget Flats Leuven;Budget Flats Leuven 016;GENERIC_ROOMS;BIERBEEKSTRAAT;75;016;3001;Heverlee;50.8717;4.716866;174502.89562319932;173538.25296898745;kunststadLeuven;16/01/2026 04:42:01;19/12/2017 11:19:38;.;+32475290985;;gc@coenen.be;;ACKNOWLEDGED;;1;2;;;;;;;;;;;
301902;BASE;;Budget Flats Leuven;Budget Flats Leuven 138;GENERIC_ROOMS;BIERBEEKSTRAAT;75;138;3001;Heverlee;50.8717;4.716866;174502.89562319932;173538.25296898745;kunststadLeuven;16/01/2026 04:42:03;20/12/2017 09:19:35;.;;;;;ACKNOWLEDGED;;1;3;;;;;;;;;;;
301903;BASE;;Budget Flats Leuven;Budget Flats Leuven 031;GENERIC_ROOMS;BIERBEEKSTRAAT;75;031;3001;Heverlee;50.8717;4.716866;174502.89562319932;173538.25296898745;kunststadLeuven;16/01/2026 04:42:03;19/12/2017 20:42:26;.;;;;;ACKNOWLEDGED;;1;3;;;;;;;;;;;
301904;BASE;;Budget Flats Leuven;Budget Flats Leuven 032;GENERIC_ROOMS;BIERBEEKSTRAAT;75;032;3001;Heverlee;50.8717;4.716866;174502.89562319932;173538.25296898745;kunststadLeuven;16/01/2026 04:42:04;19/12/2017 20:45:36;.;;;;;ACKNOWLEDGED;;1;3;;;;;;;;;;;
301905;BASE;;Budget Flats Leuven;Budget Flats Leuven 033;GENERIC_ROOMS;BIERBEEKSTRAAT;75;033;3001;Heverlee;50.8717;4.716866;174502.89562319932;173538.25296898745;kunststadLeuven;16/01/2026 04:42:05;19/12/2017 20:48:38;.;;;;;ACKNOWLEDGED;;1;3;;;;;;;;;;;
301906;BASE;;Budget Flats Leuven;Budget Flats Leuven 034;GENERIC_ROOMS;BIERBEEKSTRAAT;75;034;3001;Heverlee;50.8717;4.716866;174502.89562319932;173538.25296898745;kunststadLeuven;16/01/2026 04:42:05;19/12/2017 21:00:45;.;;;gc@coenen.be;;ACKNOWLEDGED;;1;3;;;;;;;;;;;
301907;BASE;;Budget Flats Leuven;Budget Flats Leuven 029;GENERIC_ROOMS;BIERBEEKSTRAAT;75;029;3001;Heverlee;50.8717;4.716866;174502.89562319932;173538.25296898745;kunststadLeuven;16/01/2026 04:42:06;19/06/2024 14:57:55;.;;;;;ACKNOWLEDGED;;1;2;;;;;;;;;;;
301908;BASE;;Budget Flats Leuven;Budget Flats Leuven 040;GENERIC_ROOMS;BIERBEEKSTRAAT;75;040;3001;Heverlee;50.8717;4.716866;174502.89562319932;173538.25296898745;kunststadLeuven;16/01/2026 04:42:06;19/12/2017 21:37:53;.;;;;;ACKNOWLEDGED;;1;2;;;;;;;;;;;
301909;BASE;;Budget Flats Leuven;Budget Flats Leuven 041;GENERIC_ROOMS;BIERBEEKSTRAAT;75;041;3001;Heverlee;50.8717;4.716866;174502.89562319932;173538.25296898745;kunststadLeuven;16/01/2026 04:42:07;19/12/2017 21:41:57;;;;;;ACKNOWLEDGED;;1;2;;;;;;;;;;;
301910;BASE;;Budget Flats Leuven;Budget Flats Leuven 103;GENERIC_ROOMS;BIERBEEKSTRAAT;75;103;3001;Heverlee;50.8717;4.716866;174502.89562319932;173538.25296898745;kunststadLeuven;16/01/2026 04:42:08;19/12/2017 22:32:57;.;;;;;ACKNOWLEDGED;;1;3;;;;;;;;;;;
301911;BASE;;Budget Flats Leuven;Budget Flats Leuven 104;GENERIC_ROOMS;BIERBEEKSTRAAT;75;104;3001;Heverlee;50.8717;4.716866;174502.89562319932;173538.25296898745;kunststadLeuven;16/01/2026 04:42:08;19/12/2017 22:36:20;.;;;;;ACKNOWLEDGED;;1;3;;;;;;;;;;;
301912;BASE;;Budget Flats Leuven;Budget Flats Leuven 106;GENERIC_ROOMS;BIERBEEKSTRAAT;75;106;3001;Heverlee;50.8717;4.716866;174502.89562319932;173538.25296898745;kunststadLeuven;16/01/2026 04:42:09;19/12/2017 22:47:25;.;;;;;ACKNOWLEDGED;;1;3;;;;;;;;;;;
301913;BASE;;Budget Flats Leuven;Budget Flats Leuven 125;GENERIC_ROOMS;BIERBEEKSTRAAT;75;125;3001;Heverlee;50.8717;4.716866;174502.89562319932;173538.25296898745;kunststadLeuven;16/01/2026 04:42:10;20/12/2017 07:50:04;.;;;;;ACKNOWLEDGED;;1;2;;;;;;;;;;;
301914;BASE;;Budget Flats Leuven;Budget Flats Leuven 134;GENERIC_ROOMS;BIERBEEKSTRAAT;75;134;3001;Heverlee;50.8717;4.716866;174502.89562319932;173538.25296898745;kunststadLeuven;16/01/2026 04:42:10;20/12/2017 08:51:36;.;;;;;ACKNOWLEDGED;;1;3;;;;;;;;;;;
301915;BASE;;Budget Flats Leuven;Budget Flats Leuven 136;GENERIC_ROOMS;BIERBEEKSTRAAT;75;136;3001;Heverlee;50.8717;4.716866;174502.89562319932;173538.25296898745;kunststadLeuven;16/01/2026 04:42:11;20/12/2017 09:00:57;.;;;;;ACKNOWLEDGED;;1;3;;;;;;;;;;;
301916;BASE;;Budget Flats Leuven;Budget Flats Leuven 139;GENERIC_ROOMS;BIERBEEKSTRAAT;75;139;3001;Heverlee;50.8717;4.716866;174502.89562319932;173538.25296898745;kunststadLeuven;16/01/2026 04:42:11;20/12/2017 09:23:27;.;;;;;ACKNOWLEDGED;;1;3;;;;;;;;;;;
301917;BASE;;Budget Flats Leuven;Budget Flats Leuven 140;GENERIC_ROOMS;BIERBEEKSTRAAT;75;140;3001;Heverlee;50.8719101972827;4.717031771323016;174514.62;173561.65;kunststadLeuven;16/01/2026 04:42:12;19/06/2024 15:04:23;.;;;;;ACKNOWLEDGED;;1;4;;;;;;;;;;;
301918;BASE;;Budget Flats Leuven;Budget Flats Leuven 141;GENERIC_ROOMS;BIERBEEKSTRAAT;75;141;3001;Heverlee;50.8717;4.716866;174502.89562319932;173538.25296898745;kunststadLeuven;16/01/2026 04:42:13;20/12/2017 10:06:12;.;;;;;ACKNOWLEDGED;;1;3;;;;;;;;;;;
301919;BASE;;Budget Flats Leuven;Budget Flats Leuven 142;GENERIC_ROOMS;BIERBEEKSTRAAT;75;142;3001;Heverlee;50.8717;4.716866;174502.89562319932;173538.25296898745;kunststadLeuven;16/01/2026 04:42:13;20/12/2017 10:10:50;.;;;;;ACKNOWLEDGED;;1;3;;;;;;;;;;;
301920;BASE;;Budget Flats Leuven;Budget Flats Leuven 143;GENERIC_ROOMS;BIERBEEKSTRAAT;75;143;3001;Heverlee;50.8717;4.716866;174502.89562319932;173538.25296898745;kunststadLeuven;16/01/2026 04:42:14;20/12/2017 10:15:22;.;;;;;ACKNOWLEDGED;;1;3;;;;;;;;;;;
301921;BASE;;Budget Flats Leuven;Budget Flats Leuven 144;GENERIC_ROOMS;BIERBEEKSTRAAT;75;144;3001;Heverlee;50.8717;4.716866;174502.89562319932;173538.25296898745;kunststadLeuven;16/01/2026 04:42:14;20/12/2017 10:19:05;.;;;;;ACKNOWLEDGED;;1;3;;;;;;;;;;;
301922;BASE;;Budget Flats Leuven;Budget Flats Leuven 145;GENERIC_ROOMS;BIERBEEKSTRAAT;75;145;3001;Heverlee;50.8717;4.716866;174502.89562319932;173538.25296898745;kunststadLeuven;16/01/2026 04:42:15;20/12/2017 10:22:25;.;;;;;ACKNOWLEDGED;;1;3;;;;;;;;;;;
301923;BASE;;Budget Flats Leuven;Budget Flats Leuven 147;GENERIC_ROOMS;BIERBEEKSTRAAT;75;147;3001;Heverlee;50.8717;4.716866;174502.89562319932;173538.25296898745;kunststadLeuven;16/01/2026 04:42:15;20/12/2017 10:30:06;.;;;;;ACKNOWLEDGED;;1;3;;;;;;;;;;;
302915;BASE;;Budget Flats Leuven;Budget Flats Leuven 042;GENERIC_ROOMS;Bierbeekstraat;75;042;3001;Heverlee;50.8717;4.716866;174502.89562319932;173538.25296898745;kunststadLeuven;16/01/2026 04:49:17;19/12/2017 21:45:14;.;;;gc@coenen.be;;ACKNOWLEDGED;;1;2;;;;;;;;;;;
302916;BASE;;Budget Flats Leuven;Budget Flats Leuven 043;HOLIDAY_COTTAGE;Bierbeekstraat;75;043;3001;Heverlee;50.8717;4.716866;174502.89562319932;173538.25296898745;kunststadLeuven;16/01/2026 04:49:18;19/12/2017 21:53:22;.;;;gc@coenen.be;;ACKNOWLEDGED;;1;2;;;;;;;;;;;
302917;BASE;;Budget Flats Leuven;Budget Flats Leuven 045;HOLIDAY_COTTAGE;BIERBEEKSTRAAT;75;045;3001;Heverlee;50.8717;4.716866;174502.89562319932;173538.25296898745;kunststadLeuven;16/01/2026 04:49:19;19/12/2017 22:02:24;.;;;gc@coenen.be;;ACKNOWLEDGED;;1;2;;;;;;;;;;;
302918;BASE;;Budget Flats Leuven;Budget Flats Leuven 046;GENERIC_ROOMS;BIERBEEKSTRAAT;75;046;3001;Heverlee;50.8717;4.716866;174502.89562319932;173538.25296898745;kunststadLeuven;16/01/2026 04:49:19;19/12/2017 22:06:11;.;;;gc@coenen.be;;ACKNOWLEDGED;;1;2;;;;;;;;;;;
302919;BASE;;Budget Flats Leuven;Budget Flats Leuven 035;GENERIC_ROOMS;BIERBEEKSTRAAT;75;035;3001;Heverlee;50.8717;4.716866;174502.89562319932;173538.25296898745;kunststadLeuven;16/01/2026 04:49:20;19/06/2024 15:01:09;.;+32475/290985;;gc@coenen.be;;ACKNOWLEDGED;;1;5;;;;;;;;;;;
302920;BASE;;Budget Flats Leuven;Budget Flats Leuven 101;GENERIC_ROOMS;BIERBEEKSTRAAT;75;101;3001;Heverlee;50.8717;4.716866;174502.89562319932;173538.25296898745;kunststadLeuven;16/01/2026 04:49:21;19/12/2017 22:23:47;.;+32475290985;;gc@coenen.be;;ACKNOWLEDGED;;1;3;;;;;;;;;;;
357074;BASE;;Budget Flats Leuven;Budget Flats Leuven 133;GENERIC_ROOMS;Bierbeekstraat;75;133;3001;Heverlee;50.8717;4.716866;174502.89562319932;173538.25296898745;kunststadLeuven;16/01/2026 02:26:50;20/12/2017 08:44:26;+32473825013;;;le@be-housing.be;http://www.be-housing.be/nl/b/budget-flats-leuven;ACKNOWLEDGED;;1;3;;;;;;;;;;;
211800;BASE;;Budget Flats Leuven;Budget Flats Leuven 013;GENERIC_ROOMS;BIERBEEKSTRAAT;75;013;3001;Heverlee;50.8717;4.716866;174502.89562319932;173538.25296898745;kunststadLeuven;16/01/2026 04:17:59;19/12/2017 11:01:46;.;+32475290985;;gc@coenen.be;;ACKNOWLEDGED;;1;2;;;;;;;;;;;
211801;BASE;;Budget Flats Leuven;Budget Flats Leuven 001;GENERIC_ROOMS;BIERBEEKSTRAAT;75;001;3001;Heverlee;50.8717;4.716866;174502.89562319932;173538.25296898745;kunststadLeuven;16/01/2026 04:17:59;19/12/2017 10:06:04;+3213296215;+32476050500;.;sales@be.housing.be;https://www.be-housing.be/;ACKNOWLEDGED;;1;2;;;;;;;;;;;
381419;BASE;;Camperterrein Kessel-Lo;;CAMPER_TERRAIN;EENMEILAAN;199;;3010;Kessel-Lo;50.896386093295696;4.716471655313816;174462.42;176284.18;kunststadLeuven;15/01/2026 20:17:56;09/07/2019 22:07:44;016252030;;;provinciedomein.kessello@vlaamsbrabant.be;http://www.provinciedomeinkessello.be/;ACKNOWLEDGED;;8;32;;;;;8;;;;;;
391406;BASE;;Casa Frambosia;;HOLIDAY_COTTAGE;DOMEINSTRAAT;41;;3010;Kessel-Lo;50.89918209104467;4.72244977702579;174881.5;176597.2;kunststadLeuven;15/01/2026 22:01:40;12/11/2021 19:03:27;+32476383668;;;info@Casa-Frambosia.be;https://www.airbnb.be/rooms/51751083;ACKNOWLEDGED;THREE_STARS;1;5;;;;;;;;;;;
357683;BASE;;Chiro Spirit Heverlee;;YOUTH_ACCOMMODATION;Huttelaan;30;;3001;Heverlee;50.8528826;4.6901767;172723.574534265;171376.115852431;kunststadLeuven;29/01/2026 16:05:16;14/01/2025 08:57:15;;;;coolens.marc@hotmail.com;;ACKNOWLEDGED;BASIC;1;20;20;;;;;;;;;;
384576;BASE;;De Hoorn lofts - kort verblijf;;GENERIC_ROOMS;SLUISSTRAAT;79;;3000;Leuven;50.887222050876;4.699860221041768;173298.35;175259.41;kunststadLeuven;29/01/2026 09:08:12;01/01/2023 19:47:00;+3216841920;;;housing@dehoorn.eu;http://www.dehoorn.eu/;NOTIFIED;;9;22;;;;;;;;;;;
211325;BASE;;De Pastorij;;HOTEL;SINT-MICHIELSSTRAAT;5;;3000;Leuven;50.87663;4.701195;173397.3875429401;174081.59399344772;kunststadLeuven;29/01/2026 08:58:09;28/10/2019 10:37:57;+3216822109;;;depastorij@yahoo.com;https://www.depastorij.com/;ACKNOWLEDGED;THREE_STARS;6;14;;;;;;;;;;;
414002;BASE;;De Schoolbergen;;GENERIC_ROOMS;SCHOOLBERGENSTRAAT;212;;3010;Kessel-Lo;50.894617;4.748476;176714.76176493542;176098.48976504896;kunststadLeuven;21/04/2026 08:47:01;21/04/2026 08:45:19;+32495915602;;;pierre.de.hertog@telenet.be;;NOTIFIED;;2;4;;;;;;;;;;;
335475;BASE;;De Vaartkom;;GENERIC_ROOMS;VAARTKOM;1A;0502;3000;Leuven;50.888157541760776;4.700861102023315;173368.31;175363.79;kunststadLeuven;16/01/2026 04:54:09;15/12/2017 15:19:57;+32494986267;;;;https://www.airbnb.be/rooms/19818385;ACKNOWLEDGED;;1;2;;;;;;;;;;;
211200;BASE;;Domus Damiano (Damiaanscoutslokaal);Domus Damiano (Damiaanscoutslokaal);YOUTH_ACCOMMODATION;SCOUTS- EN GIDSENPAD;1;;3012;Wilsele;50.92627562997912;4.728602154497944;175299.75;179614.64;kunststadLeuven;03/06/2026 07:50:05;31/12/2025 08:48:49;+32477666037;;;erikvc@telenet.be;https://www.damiaanscouts.be/;ACKNOWLEDGED;BASIC;1;100;45;55;;;;;;;;;
405902;BASE;;Duplex appartement Leuven centrum;Duplex appartement;GENERIC_ROOMS;MECHELSEVEST;48;205;3000;Leuven;50.885412;4.686271;172342.83871677477;175053.89438302722;kunststadLeuven;02/04/2026 12:22:01;11/12/2024 11:02:20;0484657187;;;nathalieswinnen15@hotmail.com;;NOTIFIED;;1;2;;;;;;;;;;;
401069;BASE;;Faces of Leuven;;HOLIDAY_COTTAGE;LEOPOLD DECOUXLAAN;19;;3012;Wilsele;50.89124;4.695142;172964.20419274998;175704.9233400682;kunststadLeuven;15/01/2026 21:42:24;12/02/2024 09:52:10;0486840001;;;p.ceyssens@gmail.com;;NOTIFIED;;1;4;;;;;;;;;;;
240726;BASE;;Gastenverblijf Bastien - Stout;;BED_AND_BREAKFAST;MOLSTRAAT;17;;3000;Leuven;50.866878627917714;4.736507361967908;175888.23;173008.56;kunststadLeuven;16/01/2026 03:45:13;01/04/2017 00:00:00;+3216897352;;;filip.bastien@telenet.be;;NOTIFIED;;1;4;;;;;;;;;;;
378695;BASE;;Getaway Leuven;;GENERIC_ROOMS;Vital Decosterstraat;23;;3000;Leuven;50.88003160180517;4.705195142150378;173677.37;174461.23;kunststadLeuven;17/02/2026 15:55:01;10/07/2018 16:37:36;+3216676088;;;leuven@getaway.be;https://www.getaway.be/;NOTIFIED;;50;169;;;;;;;;;;;
250770;BASE;;Guest House Feliz;;BED_AND_BREAKFAST;VITAL DECOSTERSTRAAT;74;;3000;Leuven;50.88228056215657;4.7032936106935646;173542.42;174710.8;kunststadLeuven;06/02/2026 11:53:01;01/04/2017 00:00:00;+32477262609;;;vakantierust@hotmail.com;http://www.booking.com/hotel/be/vakantierust-leuven.nl.html?sid=aba4eb6e42e0f95dbff2b0248d934505;NOTIFIED;;2;5;;;;;;;;;;;
378248;BASE;;Guest House Platte Lo;;GENERIC_ROOMS;PLATTE LOSTRAAT;11;;3010;Kessel-Lo;50.872733579272065;4.721199224108335;174807.52;173654.63;kunststadLeuven;01/06/2026 15:38:01;29/06/2018 06:38:21;+32476931433;;;theodoor.de.roey@gmail.com;https://www.airbnb.nl/rooms/19373468?s=3;ACKNOWLEDGED;;1;2;;;;;;;;;;;
210800;BASE;;Guesthouse Alizée;;GENERIC_ROOMS;SINT-MAARTENSTRAAT;41;;3000;Leuven;50.882352;4.704561;173631.3976350673;174719.18219095282;kunststadLeuven;07/01/2026 15:25:05;27/01/2019 23:00:00;+32498037383;;;info@bbalizee.be;http://www.bbalizee.be/;ACKNOWLEDGED;;2;4;;;;;;;;;;;
210783;BASE;;Guesthouse Begijnhof;;HOTEL;SCHAPENSTRAAT;97;;3000;Leuven;50.87163865446354;4.698256735086484;173193.23;173525.4;kunststadLeuven;06/03/2025 15:58:47;31/12/2019 23:00:00;+3216847758;+32470645435;;info@guesthousebegijnhof.be;http://www.guesthousebegijnhof.be/;ACKNOWLEDGED;;4;7;;;;;;;;;;;
211153;BASE;;Guesthouse Nena;;GENERIC_ROOMS;PLATTE LOSTRAAT;568;A;3010;Kessel-Lo;50.88290581722553;4.746319633924338;176569.88;174794.9;kunststadLeuven;06/03/2025 15:59:31;10/04/2019 21:29:24;+32495700567;0;;info@nenaguesthouse.be;https://www.nenaguesthouse.be/;ACKNOWLEDGED;;2;4;;;;;;;;;;;
405857;BASE;;Handbooghof;;HOLIDAY_COTTAGE;BROUWERSSTRAAT;1;403;3000;Leuven;50.88230896;4.696559906;173068.36885027157;174711.86864767596;kunststadLeuven;15/01/2026 18:52:09;05/12/2024 16:41:20;+32484249259;;;mostrey123@hotmail.com;;NOTIFIED;;1;4;;;;;;;;;;;
211255;BASE;;Het Leuvens Hof;;BED_AND_BREAKFAST;SCHAPENSTRAAT;103;;3000;Leuven;50.87129209505882;4.698133398847123;173184.72;173486.81;kunststadLeuven;06/03/2025 15:59:37;08/02/2018 20:54:07;+3216207654;+32498044608;;hetleuvenshof@gmail.com;http://www.hetleuvenshof.ga/;ACKNOWLEDGED;FOUR_STARS;2;4;;;;;;;;;;;
381993;BASE;;Het Witte Huis;Het Witte Huis (Appartement);HOLIDAY_COTTAGE;TROLIEBERG;107;;3010;Kessel-Lo;50.87518164090153;4.7541313097704645;177124.06;173938.49;kunststadLeuven;15/01/2026 20:20:22;05/06/2019 17:27:25;0499230243;;;maritaplas1@gmail.com;https://www.guesthouseleuven.com/;NOTIFIED;;1;4;;;;;;;;;;;
381994;BASE;;Het Witte Huis;Het Witte Huis (Studio);HOLIDAY_COTTAGE;TROLIEBERG;107;;3010;Kessel-Lo;50.87518164090153;4.7541313097704645;177124.06;173938.49;kunststadLeuven;15/01/2026 20:20:22;05/06/2019 17:27:35;0499230243;;;maritaplas1@gmail.com;https://www.guesthouseleuven.com/;NOTIFIED;;1;2;;;;;;;;;;;
413246;BASE;;Hoegaardsestraat 206;;GENERIC_ROOMS;HOEGAARDSESTRAAT;206;;3000;Leuven;50.863192;4.727325;175243.66509646698;172595.3393593235;kunststadLeuven;08/03/2026 20:54:03;05/03/2026 12:28:15;+32499188647;;;miekeflorquin57@gmail.com;;NOTIFIED;;1;1;;;;;;;;;;;
410425;BASE;;Home Arnalsteen;;GENERIC_ROOMS;PARKSTRAAT;235;;3000;Leuven;50.8695;4.707473;173842.86610381148;173290.45537075214;kunststadLeuven;13/04/2026 11:56:01;01/09/2025 08:52:37;;;;vincentcoessens@yahoo.com;;NOTIFIED;;1;1;;;;;;;;;;;
210807;BASE;;Hotel Industrie;;HOTEL;MARTELARENPLEIN;7;;3000;Leuven;50.8811607361;4.7138977051;174289.05467333153;174589.68946998473;kunststadLeuven;16/07/2025 04:43:29;09/10/2023 11:49:53;+3216221349;+32472294534;;info@hotel-industrie.be;http://www.hotel-industrie.be/;ACKNOWLEDGED;ONE_STAR;16;33;;;;;;;;;;;
299061;BASE;;Hotel Ladeuze;Hotel Ladeuze;HOTEL;BOGAARDENSTRAAT;27;;3000;Leuven;50.878448;4.708813;173932.61408370404;174286.26623799652;kunststadLeuven;05/05/2026 08:51:04;05/03/2024 12:44:35;+3216889066;;;info@hotelladeuze.com;https://www.hotelladeuze.com/;ACKNOWLEDGED;TWO_STARS;16;31;;;;;;;;;;;
211838;BASE;;Hotel Malon;;HOTEL;MARTELARENPLEIN;15;;3000;Leuven;50.88160807735694;4.714249868318915;174313.78;174639.53;kunststadLeuven;16/07/2025 04:52:01;06/10/2021 21:13:57;+3216623800;;;contact@hotelmalon.be;https://hotelmalon.be/;ACKNOWLEDGED;TWO_STARS;13;23;;;;;;;;;;;
210831;BASE;;Hotel Mille Colonnes;;HOTEL;MARTELARENPLEIN;5;;3000;Leuven;50.880704516238325;4.713983597133298;174295.51;174538.93;kunststadLeuven;16/07/2025 04:43:46;10/03/2019 23:00:00;+3216228621;+32497122040;;info@hotelmillecolonnes.be;https://www.hotelmillecolonnes.be/;ACKNOWLEDGED;TWO_STARS;14;24;;;;;;;;;;;http://linked.toerismevlaanderen.be/id/quality-labels/a296a8c0-8a0b-11ee-baee-9bb37b187734
211837;BASE;;Hotel The Shepherd;;HOTEL;SCHAPENSTRAAT;1;;3000;Leuven;50.8758162634251;4.697843792115504;173162.1;173989.99;kunststadLeuven;06/03/2025 16:00:17;27/07/2022 14:11:31;+3216745245;;;theshepherd@lodge-hotels.be;https://www.lodge-hotels.be/nl/hotels/b/the-shepherd-leuven;ACKNOWLEDGED;THREE_STARS;35;72;;;;;;;;;;;
211327;BASE;;Huize Rafaël;;HOTEL;BRUSSELSESTRAAT;146;a;3000;Leuven;50.880686;4.693034;172821.03636764176;174530.23576301336;kunststadLeuven;30/03/2026 12:53:06;05/03/2020 17:25:02;+32475702847;+32489424172;;info@huizerafael.be;https://www.huizerafael.be/;ACKNOWLEDGED;ONE_STAR;7;18;;;;;;;;;;;
399119;BASE;;IJzerenmolenstraat 112;;GENERIC_ROOMS;IJZERENMOLENSTRAAT;112;;3001;Heverlee;50.868968;4.682144;172060.18565631838;173223.41572193243;kunststadLeuven;15/01/2026 19:03:14;08/09/2023 12:30:19;;;;;;NOTIFIED;;2;4;;;;;;;;;;;
210785;BASE;;Ibis Budget Leuven Centrum;;HOTEL;Martelarenlaan;10;;3010;Kessel-Lo;50.88241556632497;4.716814239908009;174493.82;174730.2;kunststadLeuven;19/03/2026 21:46:06;04/09/2019 09:22:16;+3216479880;;;H6682@accor.com;http://www.ibis.com/nl/booking/room-dates.shtml;ACKNOWLEDGED;ONE_STAR_SUPERIOR;139;349;;;;;;;;;;;
210766;BASE;;Ibis Heverlee;;HOTEL;SINT-JANBERGSESTEENWEG;405;;3001;Heverlee;50.855587;4.6534892;170138.926535393;171666.372897353;kunststadLeuven;15/07/2025 20:44:38;06/02/2025 14:06:19;+3216309559;;;h8519-GM@accor.com;https://www.ibis.com/;ACKNOWLEDGED;THREE_STARS;48;100;;;;;;;;;;;http://linked.toerismevlaanderen.be/id/quality-labels/a24cce80-8a0b-11ee-baee-9bb37b187734
210804;BASE;;Ibis Leuven Centrum;;HOTEL;Brusselsestraat;52;;3000;Leuven;50.880122;4.697351;173125.12028437905;174468.83693447895;kunststadLeuven;04/05/2026 14:37:03;20/03/2025 16:27:44;+3216293111;;;H1457@accor.com;https://all.accor.com/hotel/1457/index.nl.shtml;ACKNOWLEDGED;THREE_STARS;75;141;;;;;;;;;;;http://linked.toerismevlaanderen.be/id/quality-labels/a278c080-8a0b-11ee-baee-9bb37b187734
357495;BASE;;Irish College Leuven;Irish College Leuven ;GENERIC_ROOMS;Janseniusstraat;1;;3000;Leuven;50.87576023797038;4.696408364457844;173061.1;173983.31;kunststadLeuven;20/04/2026 07:05:17;10/09/2019 06:00:41;+3216310430;;;reception@irishcollegeleuven.eu;http://www.irishcollegeleuven.eu/site/facilities/bedrooms.php;ACKNOWLEDGED;;59;136;;;;;;;;;;;
211311;BASE;;Jeugdherberg De Blauwput;Jeugdherberg De Blauwput;HOSTEL;MARTELARENLAAN;11;A;3010;Kessel-Lo;50.8827300859936;4.7173059807147935;174528.26;174765.35;kunststadLeuven;16/01/2026 02:24:01;07/04/2021 10:19:47;016639062;;;leuven@hiflanders.be;https://www.hiflanders.be/nl/bestemmingen/de-blauwput-leuven;ACKNOWLEDGED;;116;116;116;;;;;;;;;;http://linked.toerismevlaanderen.be/id/quality-labels/a3acaca0-8a0b-11ee-baee-9bb37b187734
395216;BASE;;KC homes;KC Homes;HOLIDAY_COTTAGE;PANORAMALAAN;28;;3012;Wilsele;50.8925198029978;4.703129761171237;173525.75;175849.77;kunststadLeuven;15/01/2026 22:27:35;14/10/2022 06:36:45;+32489126208;;;kcbishal1997@gmail.com;;NOTIFIED;;1;2;;;;;;;;;;;
409591;BASE;;Kamer met uitzicht en terras tot 6 juni;Kamer met uitzicht en terras voor student ;GENERIC_ROOMS;MARTELARENLAAN;200;Residentie Woods;3010;Kessel-Lo;50.87343;4.719773;174706.59903015598;173731.66527463868;kunststadLeuven;20/04/2026 10:01:03;04/10/2025 12:18:25;;;;paul.heymans2@icloud.com;https://www.airbnb.be/rooms/575926122956228674;NOTIFIED;;1;1;;;;;;;;;;;
409594;BASE;;Knus & stijlvol verblijf in Leuven;;GENERIC_ROOMS;NAAMSESTEENWEG;72;;3001;Heverlee;50.866705;4.696848;173096.34224169469;172976.1679752022;kunststadLeuven;15/01/2026 23:47:38;31/07/2025 10:22:00;+32479911205;;;bart.claesswinnen@iko.com;https://www.airbnb.be/rooms/1172234231497177782;NOTIFIED;;1;2;;;;;;;;;;;
399534;BASE;;Kokoon in 't groen;;HOLIDAY_COTTAGE;VERBRANDENBOS;24;;3010;Kessel-Lo;50.907083;4.741738;176233.73317509654;177482.80821245816;kunststadLeuven;15/01/2026 23:08:10;11/12/2023 10:45:11;+32476611337;;;kokoonintgroen@outlook.be;;ACKNOWLEDGED;;1;6;;;;;;;;;;;
211323;BASE;;La Royale;La Royale;HOTEL;MARTELARENPLEIN;6;;3000;Leuven;50.88087622470776;4.714041700838112;174299.51;174558.05;kunststadLeuven;16/07/2025 04:46:43;24/01/2020 13:19:18;+3216221252;;;info@laroyale.be;https://www.laroyale.be/;ACKNOWLEDGED;TWO_STARS_SUPERIOR;36;75;;;;;;;;;;;
325371;PROMO;http://linked.toerismevlaanderen.be/id/tourist-attractions/b7e87c70-e37c-11ed-b6ca-e5a176a460b1;Lavan;;HOTEL;CELESTIJNENLAAN;62;;3001;Heverlee;50.86853698825182;4.677374889410168;171724.84;173174.04;kunststadLeuven;06/03/2025 15:41:01;28/06/2017 12:34:22;+3216435838;+32496272470;;contact@lavan.be;https://www.lavan.be/;ACKNOWLEDGED;THREE_STARS;8;17;;;;;;;;;;;
211848;BASE;;Lavan;B&B Lavan;BED_AND_BREAKFAST;CELESTIJNENLAAN;62;;3001;Heverlee;50.86853698825182;4.677374889410168;171724.84;173174.04;kunststadLeuven;16/07/2025 04:52:07;28/06/2017 12:28:33;+3216435838;+32496272470;;contact@lavan.be;https://www.lavan.be/;ACKNOWLEDGED;FOUR_STARS;8;17;;;;;;;;;;;
385276;BASE;;Leuven Boslucht;;BED_AND_BREAKFAST;LINDELAAN;14;;3001;Heverlee;50.8534902998927;4.6805179388755445;171953.13;171501.17;kunststadLeuven;15/01/2026 20:55:17;23/09/2021 12:11:45;+32486875568;;;info@bosluchtleuven.be;https://bosluchtleuven.be/;ACKNOWLEDGED;;3;6;;;;;;;;;;;
211043;BASE;;Leuven City Hostel;Leuven City Hostel;HOSTEL;Ravenstraat;37;;3000;Leuven;50.87854255004424;4.708939356127963;173941.63;174296.79;kunststadLeuven;16/01/2026 02:24:36;02/05/2023 07:59:36;+3216843033;;;info@leuvencityhostel.com;https://www.leuvencityhostel.com/;ACKNOWLEDGED;;9;33;33;;;;;;;;;;
345724;BASE;;Leuvenatel;;HOTEL;J.B. VAN MONSSTRAAT;9;;3000;Leuven;50.882729521323064;4.70741526597355;173832.24;174762.06;kunststadLeuven;16/01/2026 04:55:08;20/05/2020 18:19:00;+32496205654;;;joon_mertens@hotmail.com;https://leuvenotel-leuven-centrum.business.site/?utm_source=gmb&utm_medium=referral;ACKNOWLEDGED;THREE_STARS;2;4;;;;;;;;;;;
394644;BASE;;Leuview;;HOLIDAY_COTTAGE;MECHELSESTRAAT;20;0401;3000;Leuven;50.88055306252364;4.700411346964681;173340.45;174517.72;kunststadLeuven;10/03/2026 09:16:02;16/08/2022 08:22:51;+32478496415;;;leuview@gmail.com;;NOTIFIED;;1;4;;;;;;;;;;;
210830;BASE;;LivingLei;;GENERIC_ROOMS;LEI;15;;3000;Leuven;50.881243286278;4.696319225782812;173052.13;174593.22;kunststadLeuven;16/07/2025 04:43:45;09/03/2023 07:06:27;+32477528387;+320474585350;;housing@livinglei.org;https://www.livinglei.org/;ACKNOWLEDGED;;2;4;;;;;;;;;;;
407837;BASE;;Logie Nel;;HOLIDAY_COTTAGE;KARDINAAL MERCIERLAAN;15;202;3001;Heverlee;50.867808;4.697109;173114.17065680408;173098.9473995762;kunststadLeuven;15/01/2026 23:47:39;15/05/2025 12:40:26;;;;;;ACKNOWLEDGED;FOUR_STARS;1;4;;;;;;;;;;;
299101;BASE;;Logies Vitale;;GENERIC_ROOMS;VITAL DECOSTERSTRAAT;96;;3000;Leuven;50.882794;4.702066;173455.5988949719;174767.5564214941;kunststadLeuven;16/01/2026 04:17:48;10/04/2019 21:16:19;+32479827114;;;mariaschaus@yahoo.com;http://www.airbnb.be/rooms/17004978;ACKNOWLEDGED;;3;6;;;;;;;;;;;
405664;BASE;;Losbergenlaan 13;;BED_AND_BREAKFAST;LOSBERGENLAAN;13;;3010;Kessel-Lo;50.875131;4.739449;176090.54371780332;173927.63888169732;kunststadLeuven;06/03/2025 15:51:19;20/11/2024 15:30:06;;;;;;NOTIFIED;;1;2;;;;;;;;;;;
395850;BASE;;M-Street art lodging;;GENERIC_ROOMS;MUNTSTRAAT;32;;3000;Leuven;50.878067;4.702788;173508.78131965254;174241.95159577765;kunststadLeuven;15/01/2026 22:22:00;10/04/2023 22:00:00;+32494372438;;;info@m-street.be;http://www.m-street.be/;ACKNOWLEDGED;;15;30;;;;;;;;;;;
395671;BASE;;Marie-Julie Vandepoel;Mozaïek;GENERIC_ROOMS;DIESTSESTEENWEG;115;0201;3010;Kessel-Lo;50.8840026855;4.7206301689;174761.33702103386;174908.0611985745;kunststadLeuven;15/01/2026 21:53:07;04/12/2022 20:00:03;0471552965;;;vandepoelmariejulie@gmail.com;;NOTIFIED;;1;1;;;;;;;;;;;
413424;BASE;;Marine Cellier;;HOLIDAY_COTTAGE;SCHAPENSTRAAT;66;301;3000;Leuven;50.873722;4.698107;173181.49390314863;173757.13464750163;kunststadLeuven;04/06/2026 13:14:04;13/03/2026 12:54:21;+33649841940;;;marine.cellier1@gmail.com;;NOTIFIED;;1;1;;;;;;;;;;;
211049;BASE;;Martin's Klooster;Martin's Klooster;HOTEL;ONZE-LIEVE-VROUWSTRAAT;18;;3000;Leuven;50.879095;4.696604;173073.05656725756;174354.35960386693;kunststadLeuven;27/03/2026 10:54:05;27/03/2026 09:50:09;+3216213141;;;kh@martinshotels.com;https://www.martinshotels.com/nl/hotel/klooster-hotel;ACKNOWLEDGED;FOUR_STARS;135;284;;;;;;;;;;;
410146;BASE;;Min Zhang;Cozy Studio in Leuven Center;BED_AND_BREAKFAST;BOTTELARIJ;12;;3000;Leuven;50.8856010437;4.6991214752;173246.99515132126;175078.88428089675;kunststadLeuven;15/01/2026 23:19:17;07/08/2025 13:17:17;0488542122;;;semmyzhang@hotmail.com;https://www.airbnb.com/rooms/13558568?check_in=2025-08-24&check_out=2025-08-25&guests=1&adults=1&s=67&unique_share_id=ac972d58-ed57-4df1-8a79-4d70bee47a55;NOTIFIED;;1;2;;;;;;;;;;;
210767;BASE;;Novotel Leuven;Novotel Leuven;HOTEL;VUURKRUISENLAAN;4;;3000;Leuven;50.88588540946013;4.710438931553879;174043.4;175114.1;kunststadLeuven;23/04/2026 10:13:06;20/03/2025 15:59:03;+3216213200;;;H3153@accor.com;http://www.accorhotels.com/accorhotels/fichehotel/nl/nov/3153/fiche_hotel.shtml;ACKNOWLEDGED;FOUR_STARS;139;417;;;;;;;;;;;
382872;BASE;;Nr. 22;;GENERIC_ROOMS;LANGENDAALLAAN;22;;3001;Heverlee;50.86130126842155;4.709263569771778;173973.26;172378.97;kunststadLeuven;15/01/2026 20:12:00;16/12/2019 20:25:15;;;;;;NOTIFIED;;1;4;;;;;;;;;;;
345898;BASE;;Ooostel2.be;Ooostel2.be Leuven;GENERIC_ROOMS;DIESTSEVEST;89;;3000;Leuven;50.88452176357638;4.711248536143462;174101.07;174962.67;kunststadLeuven;05/06/2026 08:01:05;07/11/2017 11:09:27;;;;info@ooostel2.be;https://www.booking.com/hotel/be/hostel2be.nl.html;NOTIFIED;;9;18;;;;;;;;;;;
210776;BASE;;Park Bed and Breakfast;;BED_AND_BREAKFAST;ABDIJSTRAAT;56;;3001;Heverlee;50.861470293147;4.716626848594799;174491.57;172400.18;kunststadLeuven;06/03/2025 15:40:19;09/03/2023 15:50:10;+3216405383;;;park@skynet.be;http://www.parkbedandbreakfast.net/;ACKNOWLEDGED;FOUR_STARS;1;2;;;;;;;;;;;
211145;BASE;;Park Inn by Radisson Leuven;Park Inn by Radisson Leuven;HOTEL;MARTELARENLAAN;36;;3010;Kessel-Lo;50.880995867714105;4.717684853655763;174555.83;174572.56;kunststadLeuven;28/03/2026 09:13:05;06/09/2018 13:03:47;+3216616600;;;info.leuven@parkinn.com;https://www.parkinn.com/hotel-leuven;ACKNOWLEDGED;THREE_STARS_SUPERIOR;133;272;;;;;;;;;;;
211839;BASE;;Pentahotel Leuven;;HOTEL;ALFONS SMETSPLEIN;7;;3000;Leuven;50.877061;4.703771;173578.4697702805;174130.3565847436;kunststadLeuven;16/07/2025 06:10:12;02/12/2020 07:35:54;+3216317600;;;info.leuven@pentahotels.com;https://www.pentahotels.com/;ACKNOWLEDGED;FOUR_STARS;103;279;;;;;;;;;;;http://linked.toerismevlaanderen.be/id/quality-labels/a5ee8650-8a0b-11ee-baee-9bb37b187734
412822;BASE;;Pico Bello;;HOLIDAY_COTTAGE;VERBRANDENBOS;21;;3010;Kessel-Lo;50.906986;4.740882;176173.5811987301;177471.71470557153;kunststadLeuven;28/04/2026 19:57:02;28/04/2026 19:51:01;;;;karentje98@hotmail.com;;NOTIFIED;;1;2;;;;;;;;;;;
378075;BASE;;Private Floor in Leuven;;BED_AND_BREAKFAST;Cardenberch;14;;3000;Leuven;50.8811195790165;4.684573187656677;172225.58;174575.87;kunststadLeuven;16/01/2026 04:57:14;09/10/2018 22:00:00;;;;;https://www.airbnb.be/rooms/15627270?locale=nl;NOTIFIED;;1;2;;;;;;;;;;;
211509;BASE;;Professor;;HOTEL;NAAMSESTRAAT;20;;3000;Leuven;50.87831592247257;4.700604535525813;173355.16;174268.92;kunststadLeuven;16/07/2025 04:48:19;22/03/2020 23:00:00;+3216201414;;;professorleuven@telenet.be;https://www.hotelprofessor.be/;ACKNOWLEDGED;TWO_STARS;8;16;;;;;;;;;;;
345700;BASE;;Quiet charming room in the city center;;GENERIC_ROOMS;KARDINAALSTRAAT;12;;3000;Leuven;50.88520846382107;4.702846392079725;173509.48;175036.36;kunststadLeuven;16/01/2026 04:55:00;13/08/2017 10:42:55;0499340731;;;lien.stessel@gmail.com;http://www.airbnb.com/;NOTIFIED;;1;3;;;;;;;;;;;
409663;BASE;;Rest N Go;;HOLIDAY_COTTAGE;NAAMSESTRAAT;142;0201;3000;Leuven;50.870921;4.699411;173274.6682732098;173445.96005317196;kunststadLeuven;15/01/2026 23:51:02;20/08/2025 11:52:47;0471496537;;;mohammedzourob95@gmail.com;https://www.airbnb.com/rooms/1297319225871191694;NOTIFIED;;1;2;;;;;;;;;;;
314665;BASE;;Romantiek & Wellness @Isabellina;Romantiek & wellness @ Isabellina;HOLIDAY_COTTAGE;Henricus Bosmanslaan;1;;3012;Wilsele;50.91068971728629;4.711330174877348;174093.41;177875.02;kunststadLeuven;16/01/2026 04:52:09;05/08/2025 09:52:42;;;;isa.vangelder@hotmail.com;https://www.airbnb.be/rooms/22009877;NOTIFIED;;1;2;;;;;;;;;;;
405439;BASE;;Roxy's Fishmarket;;GENERIC_ROOMS;VISMARKT;14;;3000;Leuven;50.881954;4.700197;173324.4942768164;174673.5233007865;kunststadLeuven;15/01/2026 22:46:33;02/06/2025 08:11:31;+32475267876;;;info@finger.be;https://www.booking.com/hotel/be/roxys-fishmarket.nl.html;ACKNOWLEDGED;;1;2;;;;;;;;;;;
397206;BASE;;Ruimte voor Rust;;GENERIC_ROOMS;WERKHUIZENSTRAAT;54;;3010;Kessel-Lo;50.88208;4.720396;174745.87534938505;174694.10235804878;kunststadLeuven;15/01/2026 21:55:48;05/04/2023 14:20:28;0496664100;;;info@kazanasahari.be;http://www.kazanasahari.be/;NOTIFIED;;1;3;;;;;;;;;;;
412028;BASE;;Schipvaartstraat 24/407;;HOLIDAY_COTTAGE;SCHIPVAARTSTRAAT;24;407;3000;Leuven;50.8863601685;4.7055950165;173702.13268948122;175165.38427607808;kunststadLeuven;15/01/2026 23:53:34;21/12/2025 09:25:20;+32496963066;;;;;NOTIFIED;;1;2;;;;;;;;;;;
413852;BASE;;Schreursvest 47;;GENERIC_ROOMS;LÉON SCHREURSVEST;47;;3001;Heverlee;50.871899;4.713081;174236.37581285284;173559.14295220282;kunststadLeuven;08/04/2026 08:13:07;08/04/2026 07:27:09;+32479553466;;;katty.vanmarsenille@hotmail.com;;NOTIFIED;;1;4;;;;;;;;;;;
346267;BASE;;Scouts Boven-Lo;;YOUTH_ACCOMMODATION;Heidebergstraat;266;;3010;Kessel-Lo;50.8768456;4.7544822;177237.98231128;174063.471546374;kunststadLeuven;01/04/2026 11:38:03;23/05/2025 06:39:10;;;;mos@scoutsbovenlo.be;https://www.scoutsbovenlo.be/;ACKNOWLEDGED;BASIC;1;45;45;;;;;;;;;;
383222;BASE;;Scouts Sint-Maarten-Wilsele;Scouts Sint-Maarten-Wilsele;YOUTH_ACCOMMODATION;ALBERT WOUTERSSTRAAT;28-30;;3012;Wilsele;50.895221;4.70044;173425.18291304942;176089.18488458358;kunststadLeuven;12/02/2026 12:31:05;24/01/2025 08:22:34;+32470515405;;;groepsleiding@scoutswilsele.be;https://www.scoutswilsele.be/;ACKNOWLEDGED;BASIC;1;45;45;;;;;;;;;;
211324;BASE;;Scouts Vlierbeek;Scouts Vlierbeek;YOUTH_ACCOMMODATION;Sneppenstraat;13;;3010;Kessel-Lo;50.8991771;4.7352814;175874.275302883;176540.84484323;kunststadLeuven;29/01/2026 16:38:37;11/03/2025 13:38:40;;;;lokalen@scoutsvlierbeek.be;http://www.scoutsvlierbeek.be/;ACKNOWLEDGED;BASIC;1;60;60;;;;;;;;;;
405449;BASE;;Smiling Fox Room;;GENERIC_ROOMS;HOGESCHOOLPLEIN;7;;3000;Leuven;50.877315;4.701345;173407.60194610016;174157.84115009662;kunststadLeuven;10/03/2026 09:33:01;10/03/2026 08:31:29;;;;evita.deschoenmaeker@alpheios.be;https://www.booking.com/hotel/be/smiling-fox.nl.html;ACKNOWLEDGED;;1;2;;;;;;;;;;;
210790;BASE;;Stilleuven 1;;HOLIDAY_COTTAGE;Graaf de Grunnelaan;6;;3001;Heverlee;50.85426610446758;4.694481149504288;172935.97;171591.7;kunststadLeuven;16/07/2025 04:43:15;18/12/2017 21:32:41;+3216401716;+32484296581;0;info@stilleuven.be;http://www.stilleuven.be/;ACKNOWLEDGED;THREE_STARS;1;2;;;;;;;;;;;
210791;BASE;;Stilleuven 2;;HOLIDAY_COTTAGE;Graaf de Grunnelaan;6;;3001;Heverlee;50.85426610446758;4.694481149504288;172935.97;171591.7;kunststadLeuven;16/07/2025 04:43:15;18/12/2017 21:35:05;+3216401716;+32484296581;0;info@stilleuven.be;https://www.stilleuven.be/;ACKNOWLEDGED;THREE_STARS;1;2;;;;;;;;;;;
384125;BASE;;Studi0102;;GENERIC_ROOMS;VITAL DECOSTERSTRAAT;75;0102;3000;Leuven;50.882459974814815;4.702354311770031;173476.23;174730.46;kunststadLeuven;15/01/2026 20:25:19;01/01/2020 16:25:53;0476938390;;;letentony@skynet.be;;NOTIFIED;;1;2;;;;;;;;;;;
383631;BASE;;Studio;;BED_AND_BREAKFAST;PAUL VAN OSTAIJENLAAN;13;;3001;Heverlee;50.867176219497345;4.7088921327258575;173944.11;173032.38;kunststadLeuven;15/01/2026 20:25:40;07/11/2019 22:28:16;0479647123;;;arnout.horemans@gmail.com;;NOTIFIED;;1;2;;;;;;;;;;;
391340;BASE;;Study-O-Leuven;Study-o Leuven;HOLIDAY_COTTAGE;CONSTANTIN MEUNIERSTRAAT;90;0101;3000;Leuven;50.868935620901055;4.69993424495003;173312.65;173225.24;kunststadLeuven;15/01/2026 21:59:05;02/10/2021 10:54:15;+32497862839;;;leen.vandesteen@telenet.be;;NOTIFIED;;1;4;;;;;;;;;;;
383959;BASE;;The Dragonfly;;GENERIC_ROOMS;TERVUURSESTEENWEG;232A;;3001;Heverlee;50.87384400505702;4.668462552080866;171095.09;173761.82;kunststadLeuven;27/01/2026 21:19:15;08/12/2019 23:07:42;+32498643490;;;jspitaels@gmail.com;;NOTIFIED;;1;2;;;;;;;;;;;
404039;BASE;;The Heart of Leuven;;HOLIDAY_COTTAGE;VISMARKT;12;;3000;Leuven;50.881914;4.700226;173326.5550116951;174669.08282175753;kunststadLeuven;15/01/2026 19:11:07;10/07/2024 11:00:39;+32475704536;;;liesbeth@people-matters.be;;NOTIFIED;;1;8;;;;;;;;;;;
211037;BASE;;The Lodge Heverlee;;HOTEL;KANTINEPLEIN;3;;3001;Heverlee;50.86083078920056;4.685386636867662;172292.47;172319.18;kunststadLeuven;16/07/2025 04:43:48;12/10/2021 11:17:47;+3216509509;;;heverlee@lodge-hotels.be;https://www.lodge-hotels.be/;ACKNOWLEDGED;THREE_STARS;33;80;;;;;;;;;;;
385829;BASE;;The Mayor Guesthouse ;The Mayor Guesthouse;GENERIC_ROOMS;BURGEMEESTERSSTRAAT;3;;3000;Leuven;50.8752367301583;4.710270825003459;174037.03;173929.48;kunststadLeuven;15/01/2026 21:00:46;20/08/2020 14:38:51;+32487681326;;;iman.cocquyt@outlook.com;http://airbnb.com/h/themayorguesthouseleuven;ACKNOWLEDGED;;1;3;;;;;;;;;;;
406136;BASE;;The Nest in Leuven;;GENERIC_ROOMS;LEUVENSESTRAAT;27;;3010;Kessel-Lo;50.884486;4.717712;174555.73458228895;174960.8527423134;kunststadLeuven;15/01/2026 23:17:14;14/01/2025 07:08:27;+32478941255;+32489308336;;bkas_adh@yahoo.com;https://www.booking.com/hotel/be/family-friendly-room-in-kessel-lo-leuven-belgium.nl.html?label=leuven-TAXPLvcnF0*Z1hnCvjWw6gS626050946854%3Apl%3Ata%3Ap1%3Ap2%3Aac%3Aap%3Aneg%3Afi%3Atikwd-1223310190751%3Alp9196181%3Ali%3Adec%3Adm&sid=0a256657bb997a701825dca0dbd53362&gclid=Cj0KCQiAyP3KBhD9ARIsAAJLnnb73qv7SUSVjBUMXqX8Armr5Ir76zH0CJl-2vWJjr3sMUHgjeA7l3saAiU0EALw_wcB&aid=376593&ucfs=1&dest_id=-1963947&dest_type=city&group_adults=2&no_rooms=1&group_children=0&srpvid=ab304434f5d80573&srepoch=1767865371&atlas_src=sr_iw_title;NOTIFIED;;2;4;;;;;;;;;;;
386703;BASE;;The New Quarter;;GENERIC_ROOMS;WELDADIGHEIDSSTRAAT;62;0001;3000;Leuven;50.8706054688;4.7041063309;173605.32586324704;173412.34818519186;kunststadLeuven;15/01/2026 20:38:08;23/08/2020 22:00:00;+32468277223;;;timmesotten@yahoo.com;https://thenewquarter.wixsite.com/thenewquarterstay;ACKNOWLEDGED;;1;4;;;;;;;;;;;
410811;BASE;;The lodge Morris;;HOLIDAY_COTTAGE;HENRICUS WITTEBOLSTRAAT;6;0101;3018;Wijgmaal;;;;;kunststadLeuven;15/01/2026 23:21:22;08/11/2025 17:35:41;+32470583813;;;;https://www.booking.com/hotel/be/the-lodge-morris.nl.html;NOTIFIED;;1;2;;;;;;;;;;;
211038;BASE;;Theaterhotel;Theaterhotel;HOTEL;BONDGENOTENLAAN;20;;3000;Leuven;50.87934525150665;4.704725428727499;173644.66;174384.73;kunststadLeuven;06/10/2025 14:58:04;06/10/2025 12:56:04;+3216222819;.;;reservations@theaterhotel.be;https://www.lodge-hotels.be/nl/hotels/b/theater-hotel-leuven;ACKNOWLEDGED;THREE_STARS;21;47;;;;;;;;;;;
299418;BASE;;Trumpet House;;HOLIDAY_COTTAGE;KOESTAART;1;;3010;Kessel-Lo;50.906068;4.738475;176004.79618594484;177368.74672541767;kunststadLeuven;16/01/2026 04:19:31;01/04/2017 00:00:00;+32497702892;;;paul@trumpethouse.com;https://www.trumpethouse.com/;NOTIFIED;;1;9;;;;;;;;;;;
211405;BASE;;Verblijfcentrum Heiberg;Verblijfcentrum Heiberg;YOUTH_ACCOMMODATION;Kapellekensweg;2;;3010;Kessel-Lo;50.879208469255104;4.751777875969289;176956.3;174386.87;kunststadLeuven;29/01/2026 16:45:07;15/09/2025 05:14:54;+3216350550;;;heiberg@koningkevin.be;https://www.koningkevin.be/verblijfscentrum_heiberg/;ACKNOWLEDGED;COMFORT;1;44;44;;;;;;;;;;
381408;BASE;;Vermeulen;;GENERIC_ROOMS;SPAARSTRAAT;104;;3010;Kessel-Lo;50.87949177303284;4.724873000039196;175062.49;174407.65;kunststadLeuven;15/01/2026 19:52:51;03/05/2019 19:05:56;+32486847183;;;vermeulenklaas@hotmail.com;;NOTIFIED;;1;2;;;;;;;;;;;
409154;BASE;;Vest 72;;HOLIDAY_COTTAGE;TIENSEVEST;72;;3000;Leuven;50.878463;4.715709;174417.92898452055;174290.18839664478;kunststadLeuven;17/03/2026 13:09:01;17/03/2026 12:06:29;+32476765591;;;Thomasvanlokeren@gmail.com;;ACKNOWLEDGED;;1;6;;;;;;;;;;;
382711;BASE;;Visit Leuven;;HOLIDAY_COTTAGE;TIENSESTEENWEG;98;1;3000;Leuven;50.87236614486427;4.719352644913782;174677.74;173613.14;kunststadLeuven;15/01/2026 19:56:15;07/11/2019 19:05:18;+32478374691;;;visit@leuven.be;;ACKNOWLEDGED;FOUR_STARS;1;2;;;;;;;;;;;
405047;BASE;;Volkswasserij;;HOLIDAY_COTTAGE;PASTOOR BELLONSTRAAT;1;;3018;Wijgmaal;50.9269;4.705073;173644.89666112929;179674.9237116957;kunststadLeuven;15/01/2026 19:16:34;16/09/2024 14:42:06;;;;me@volkswasserij.be;;NOTIFIED;;1;4;;;;;;;;;;;
211951;BASE;;Vormingscentrum 't Kasteeltje;Vormingscentrum 't Kasteeltje;YOUTH_ACCOMMODATION;Remylaan;13;;3018;Wijgmaal;50.92285677482651;4.703552298539313;173540.25;179226.04;kunststadLeuven;29/01/2026 16:39:43;24/11/2025 13:48:28;+3216444100;;;info@verblijfsaccommodatie.be;http://www.verblijfsaccommodatie.be/;ACKNOWLEDGED;COMFORT;1;48;48;;;;;;;;;;
345969;BASE;;Wannes Suite;;BED_AND_BREAKFAST;LINDENSESTRAAT;55;;3010;Kessel-Lo;50.885027998131235;4.725308275203274;175090.16;175023.65;kunststadLeuven;16/01/2026 02:14:13;09/09/2017 14:04:12;+32478813433;;;wannes.suite@gmail.com;https://wordpress.com/view/leuvenbedandbreakfast.wordpress.com;NOTIFIED;;2;5;;;;;;;;;;;http://linked.toerismevlaanderen.be/id/quality-labels/154973c0-8a0c-11ee-baee-9bb37b187734
409664;BASE;;Well-located room;Goed gelegen kamer;GENERIC_ROOMS;NAAMSEVEST;6;;3000;Leuven;50.868654;4.699046;173250.1024836815;173193.66367868707;kunststadLeuven;20/04/2026 10:09:02;21/10/2025 12:24:57;;;;jeroenlemaitre87@gmail.com;https://www.airbnb.com/rooms/848368742168088209;NOTIFIED;;1;1;;;;;;;;;;;
393885;BASE;;het T-huisje;;HOLIDAY_COTTAGE;PELLENBERGSTRAAT;154;;3010;Kessel-Lo;50.86771559521576;4.747941694318661;176692.67;173105.72;kunststadLeuven;15/01/2026 23:00:42;10/10/2022 06:41:38;+32498048421;;;marinadubois57@gmail.com;;ACKNOWLEDGED;;1;4;;;;;;;;;;;
